Date,Time,Description,Type,Amount,Balance,Mode,Ref
01-01-2024,03:11,AMAZON SELLER SVCS,Debit,₹2462,678275,UPI,TXN190872
01-Jan-24,05:44,BHIM-BMTC,DR,50,681007,UPI,TXN143064
01-Jan-24,09:35,NEFT-TECHCRUSH LABS-SALARY MAY24,CR,₹84728,484728,NEFT,TXN246316
01-01-2024,14:07,UPI-AMAN-8934@OKAXIS,Debit,₹1828,-748745,UPI,TXN569226
01-Jan-24,14:23,BHIM-BLINKIT,Debit,270,680737,UPI,TXN968962
01-01-2024,14:48,BHIM ZEPTO,DR,Rs. 625,677650,UPI,TXN370902
01-01-2024,14:50,UPI-UBER-2426@HDFCBANK,Debit,Rs. 148,677020,UPI,TXN546173
01-Jan-24,21:44,BHIM-BLINKIT,Debit,₹482,677168,UPI,TXN599219
02-01-2024,05:18,POS SWIGGY BANGALORE,Debit,Rs. 537,676177,UPI,TXN293319
02-01-2024,06:55,UPI-GROWWPAY@HDFCBANK,DR,3956,672221,UPI,TXN418594
02-01-2024,07:26,OLA ELECTRIC,Debit,₹350,670989,UPI,TXN377405
02-Jan-24,07:39,BMS MOVIE TICKETS,Debit,₹311,671339,UPI,TXN282256
02-01-2024,11:29,POS OLA-PRIME,DR,258,676762,UPI,TXN389930
02-Jan-24,12:35,SWIGGY-INSTAMART,Debit,₹571,671650,UPI,TXN717113
02-Jan-24,14:01,UPI-STARBUCKS@AXIS,Debit,266,670051,UPI,TXN283700
02-01-2024,15:42,UPI-THIRDWAVE@OKAXIS,DR,₹405,670584,UPI,TXN422554
02-01-2024,20:58,ANI Technologies,Debit,267,670317,UPI,TXN553014
02-01-2024,22:33,BMTC BUS PASS,Debit,Rs. 48,676714,UPI,TXN387636
03-Jan-24,00:55,POS TRUFFLES,Debit,₹1411,667323,UPI,TXN675898
03-01-2024,11:29,FLIPKART INDIA,DR,"2,557.00",663991,UPI,TXN535098
03-01-2024,12:56,POS SWIGGY-RESTAURANT,DR,₹537,666786,UPI,TXN527809
03-01-2024,19:18,GROFERS INDIA P L,Debit,878,668734,UPI,TXN639593
03-01-2024,21:11,POS UBER BANGALORE,Debit,₹439,669612,UPI,TXN268637
03-01-2024,23:58,POS SWIGGY-RESTAURANT,Debit,₹238,666548,UPI,TXN975271
04-Jan-24,00:09,BANGALORE ELEC SUPPLY,Debit,1639,659661,UPI,TXN993744
04-01-2024,09:00,TWC INDIA,DR,Rs. 272,663719,UPI,TXN448588
04-Jan-24,09:42,UPI-BESCOM-BILL@HDFCBANK,DR,"Rs. 2,135",661300,UPI,TXN651499
04-Jan-24,13:48,UPI-AMAN-0816@OKAXIS,Debit,₹2314,-762689,UPI,TXN512464
04-Jan-24,15:20,ROPPEN TRANSPORTATION,DR,Rs. 159,659502,UPI,TXN203225
04-01-2024,16:06,UPI-STARBUCKS@AXIS,Debit,Rs. 447,659055,UPI,TXN356059
04-01-2024,16:29,OLA CABS,Debit,284,663435,UPI,TXN839485
05-Jan-24,00:51,POS ZOMATO,Debit,Rs. 438,658408,UPI,TXN362246
05-01-2024,07:24,UPI-AMAZONPAY@HDFCBANK,Debit,4208,654200,UPI,TXN515032
05-01-2024,08:58,POS BLINKIT,Debit,502,652929,UPI,TXN970813
05-01-2024,11:43,IMPS-RENT-LANDLORD-75500265,Debit,"18,000.00",466728,IMPS,TXN948749
05-01-2024,12:48,ZOMATO MEDIA P L,DR,Rs. 569,653431,UPI,TXN707727
05-Jan-24,16:51,UPI-ANKIT-6430@OKAXIS,DR,2115,-739917,UPI,TXN170038
05-Jan-24,17:43,BHIM ZEPTO,DR,Rs. 200,654000,UPI,TXN767542
05-01-2024,19:10,UPI-OLACABS@HDFCBANK,DR,209,658846,UPI,TXN581894
05-Jan-24,21:30,POS ZOMATO,DR,₹695,652234,UPI,TXN809176
06-Jan-24,07:26,UPI-JIORECHARGE@PAYTM,DR,₹258,650045,UPI,TXN575679
06-Jan-24,09:13,UPI-CCD@HDFCBANK,DR,Rs. 358,647279,UPI,TXN937302
06-01-2024,15:28,Swiggy*Order,Debit,₹407,648885,UPI,TXN228093
06-Jan-24,18:23,INSTAMART BANGALORE,DR,290,650303,UPI,TXN586819
06-01-2024,19:01,UPI-ZOMATO-LIMITED@PAYTM,Debit,267,647012,UPI,TXN651640
06-Jan-24,19:05,AVENUE SUPERMARTS,DR,₹1248,647637,UPI,TXN970127
06-Jan-24,22:44,GROFERS INDIA P L,Debit,753,649292,UPI,TXN393328
06-Jan-24,23:51,POS HP PETROL STATION,Debit,"1,641.00",650593,UPI,TXN712955
07-01-2024,08:04,UPI-VIKAS-6060@OKAXIS,Debit,Rs. 329,-732464,UPI,TXN285796
07-01-2024,08:38,POS BANGALORE RESTAURANT,Debit,"7,314.00",-411932,UPI,TXN388441
07-01-2024,10:24,UPI-ZERODHA-COIN@AXIS,Debit,"Rs. 15,000",451728,UPI,TXN476417
07-01-2024,17:23,BHIM SWIGGY,Debit,442,646570,UPI,TXN163780
07-Jan-24,18:24,OLA ELECTRIC,DR,425,645193,UPI,TXN906315
07-01-2024,20:27,UPI-BOOKMYSHOW@HDFCBANK,DR,₹952,645618,UPI,TXN763829
07-01-2024,20:27,OLA CABS,Debit,351,644842,UPI,TXN492483
08-01-2024,00:47,BLINKIT BANGALORE,Debit,640,642426,UPI,TXN144357
08-01-2024,09:44,POS ZEPTO BANGALORE,DR,466,643939,UPI,TXN132146
08-01-2024,11:04,AMAZON SELLER SVCS,Debit,"Rs. 2,814",639612,UPI,TXN940247
08-01-2024,11:44,UPI-DMART@OKAXIS,DR,"Rs. 1,862",637750,UPI,TXN456005
08-01-2024,12:55,ROPPEN TRANSPORTATION,DR,Rs. 143,644643,UPI,TXN988432
08-Jan-24,14:05,UPI-RAPIDO@OKAXIS,DR,56,644786,UPI,TXN445658
08-Jan-24,14:42,UPI-RAPIDO@OKAXIS,DR,113,643066,UPI,TXN403507
08-01-2024,18:17,POS UBER BANGALORE,DR,₹366,643179,UPI,TXN811163
08-Jan-24,18:24,POS SWIGGY-RESTAURANT,DR,₹394,643545,UPI,TXN891083
08-Jan-24,21:23,BUNDL Tech P L,DR,238,644405,UPI,TXN827157
09-Jan-24,03:58,TATA STARBUCKS,Debit,₹316,635732,UPI,TXN777513
09-01-2024,06:40,POS CAFE COFFEE DAY,DR,₹179,637571,UPI,TXN306854
09-Jan-24,10:48,UPI-ZOMATO-LIMITED@PAYTM,Debit,535,637036,UPI,TXN774225
09-01-2024,14:03,POS ZEPTO BANGALORE,Debit,527,636048,UPI,TXN930281
09-Jan-24,17:55,UBER SYSTEMS INDIA,Debit,Rs. 461,636575,UPI,TXN177794
09-01-2024,20:00,UPI-MYNTRA@HDFCBANK,DR,"10,745.00",-370896,UPI,TXN947220
10-01-2024,05:06,POS UBER BANGALORE,DR,425,634839,UPI,TXN248298
10-Jan-24,05:08,UPI-FLIPKART@HDFCBANK,DR,934,630718,UPI,TXN748052
10-Jan-24,07:41,UPI-BWSSB@AXIS,Debit,651,634188,UPI,TXN969226
10-Jan-24,17:28,UPI-ZOMATO6393@OKICICI,Debit,₹468,635264,UPI,TXN761532
10-Jan-24,23:58,UPI-DMART@OKAXIS,DR,"Rs. 2,536",631652,UPI,TXN903373
11-Jan-24,09:53,BLINKIT BANGALORE,Debit,839,629879,UPI,TXN921874
11-Jan-24,12:19,AMAZON IN,Debit,"Rs. 4,092",625787,UPI,TXN538997
11-Jan-24,19:51,UPI-GROWWPAY@HDFCBANK,DR,"Rs. 4,476",621311,UPI,TXN230734
11-Jan-24,20:17,BHIM ZEPTO,Debit,610,620701,UPI,TXN535050
12-Jan-24,04:38,UPI-NETFLIX-MEMB@HDFCBANK,Debit,334,451394,UPI,TXN479201
12-01-2024,05:05,FLIPKART INDIA,DR,₹1835,618866,UPI,TXN970068
12-01-2024,12:58,AIRTEL POSTPAID,Debit,₹879,447850,UPI,TXN881177
12-Jan-24,18:15,UPI-AMAZONPAY@HDFCBANK,DR,"Rs. 2,717",612057,UPI,TXN662093
12-Jan-24,18:15,POS SWIGGY BANGALORE,DR,₹547,611510,UPI,TXN478120
12-01-2024,18:16,BANGALORE ELEC SUPPLY,DR,₹2329,445521,UPI,TXN149405
12-01-2024,19:48,Amazon Pay India,DR,"4,092.00",614774,UPI,TXN653408
12-01-2024,21:06,UPI-PRIYA-2221@OKAXIS,Debit,1266,-752011,UPI,TXN585705
13-Jan-24,04:08,POS FLIPKART BANGALORE,Debit,Rs. 558,607877,UPI,TXN955015
13-Jan-24,06:48,POS NYKAA BANGALORE,DR,"Rs. 1,182",606695,UPI,TXN519453
13-Jan-24,12:32,UPI-MYNTRA@HDFCBANK,Debit,"Rs. 2,769",608741,UPI,TXN170841
13-Jan-24,19:40,BHIM-BLINKIT,DR,306,608435,UPI,TXN829168
13-Jan-24,19:40,BHIM-BLINKIT,DR,306,608435,UPI,TXN829168
14-01-2024,01:08,Amazon Pay India,DR,"Rs. 3,256",602425,UPI,TXN688956
14-01-2024,09:11,VI POSTPAID,Debit,553,606142,UPI,TXN962287
14-Jan-24,10:05,VI POSTPAID,Debit,713,601304,UPI,TXN846385
14-01-2024,13:06,POS ZOMATO,Debit,₹240,605902,UPI,TXN469685
14-Jan-24,13:08,UPI-RAPIDO@OKAXIS,DR,52,605681,UPI,TXN490084
14-Jan-24,13:40,UPI-UBER-6457@HDFCBANK,DR,₹169,605733,UPI,TXN737086
14-01-2024,16:11,POS BPCL PETROL PUMP,DR,"7,707.00",-330799,UPI,TXN455584
14-01-2024,18:11,TUMMOC-BMTC,Debit,33,601271,UPI,TXN486831
14-01-2024,20:45,Swiggy*Order,DR,₹408,602017,UPI,TXN281043
15-Jan-24,03:56,POS INDIAN OIL BANGALORE,Debit,₹676,600595,UPI,TXN432427
15-01-2024,06:12,UPI-SPOTIFY-IN@AXIS,DR,Rs. 119,451275,UPI,TXN974628
15-01-2024,06:40,AVENUE SUPERMARTS,DR,"1,620.00",597934,UPI,TXN734534
15-01-2024,13:43,UBER SYSTEMS INDIA,DR,404,600191,UPI,TXN158104
15-01-2024,17:19,OLA CABS,DR,Rs. 367,597338,UPI,TXN587002
15-Jan-24,18:19,POS DINEOUT,Debit,₹637,599554,UPI,TXN765905
15-Jan-24,22:02,UPI-BLINKIT-0656@PAYTM,Debit,₹229,597705,UPI,TXN757629
16-Jan-24,05:35,UPI-SWIGGY5057@OKAXIS,Debit,279,595192,UPI,TXN740725
16-Jan-24,08:18,ZOMATO-DINING,Debit,684,596371,UPI,TXN299055
16-01-2024,10:45,POS OLA-PRIME,Debit,₹283,597055,UPI,TXN571435
16-Jan-24,12:32,COFFEE DAY GLOBAL,Debit,₹269,596102,UPI,TXN470037
16-Jan-24,12:38,POS SWIGGY-RESTAURANT,Debit,631,595471,UPI,TXN483713
17-01-2024,09:50,POS HP PETROL STATION,DR,"1,194.00",593998,UPI,TXN943019
17-Jan-24,10:38,AMAZON IN,Debit,"Rs. 4,473",589525,UPI,TXN634473
17-Jan-24,17:19,UPI-NYKAA@AXIS,DR,₹2345,587180,UPI,TXN787436
17-01-2024,17:36,POS CAFE COFFEE DAY,Debit,208,586972,UPI,TXN133104
18-01-2024,00:35,COFFEE DAY GLOBAL,Debit,190,585910,UPI,TXN906066
18-Jan-24,04:45,UPI-SWIGGY9672@OKAXIS,Debit,220,586404,UPI,TXN243941
18-Jan-24,08:28,RAPIDO BIKE TAXI,Debit,115,586857,UPI,TXN165306
18-Jan-24,10:22,TUMMOC-BMTC,Debit,45,586624,UPI,TXN943700
18-Jan-24,10:22,TUMMOC-BMTC,Debit,45,586624,UPI,TXN943700
18-01-2024,15:35,TUMMOC-BMTC,Debit,30,586827,UPI,TXN855944
18-Jan-24,19:16,UPI-RAPIDO@OKAXIS,Debit,158,586669,UPI,TXN823769
18-01-2024,20:15,UPI-SWIGGY-6560@HDFCBANK,Debit,Rs. 304,586100,UPI,TXN814281
19-Jan-24,03:32,DISNEY HOTSTAR,Debit,₹1257,569514,UPI,TXN453487
19-01-2024,14:48,UPI-THIRDWAVE@OKAXIS,Debit,249,569265,UPI,TXN293757
19-Jan-24,16:46,OLA CABS,Debit,₹139,585771,UPI,TXN885386
19-Jan-24,22:56,NEFT ZERODHA BROKING,Debit,"Rs. 15,000",570771,UPI,TXN617904
20-01-2024,04:10,DISNEY HOTSTAR,DR,₹1057,450218,UPI,TXN584714
20-Jan-24,08:08,UBER INDIA,Debit,384,567252,UPI,TXN965708
20-Jan-24,09:19,SWIGGY-INSTAMART,DR,261,567636,UPI,TXN485397
20-01-2024,11:56,BHIM SWIGGY,DR,₹551,561095,UPI,TXN722795
20-01-2024,12:48,UPI-ZOMATO-LIMITED@PAYTM,DR,Rs. 505,566747,UPI,TXN630041
20-Jan-24,13:35,AMAZONIN MARKETPLACE,DR,₹4037,562343,UPI,TXN461264
20-01-2024,16:03,RAPIDO BIKE TAXI,Debit,52,562291,UPI,TXN570325
20-Jan-24,18:10,UPI-ZOMATO4674@OKICICI,Debit,Rs. 367,566380,UPI,TXN638179
20-01-2024,21:24,POS EMPIRE RESTAURANT,DR,Rs. 464,561827,UPI,TXN654531
20-01-2024,22:00,POS FLIPKART BANGALORE,DR,"Rs. 1,368",567897,UPI,TXN347781
20-01-2024,22:42,ATM-WDL-SBI-5715,DR,"Rs. 2,000",-750745,ATM,TXN635055
20-Jan-24,23:53,UPI-SWIGGY-9474@HDFCBANK,Debit,₹181,561646,UPI,TXN462974
21-01-2024,18:03,UPI-OLACABS@HDFCBANK,DR,245,560850,UPI,TXN345536
21-01-2024,19:20,POS MEGHANA FOODS,DR,₹1482,559368,UPI,TXN683761
21-Jan-24,21:58,AVENUE SUPERMARTS,Debit,"Rs. 1,097",558271,UPI,TXN536548
22-01-2024,09:16,POS NYKAA BANGALORE,DR,"Rs. 1,232",556405,UPI,TXN734356
22-Jan-24,09:34,ZEPTO MARKETPLACE,DR,634,557637,UPI,TXN684357
22-Jan-24,10:23,POS UBER BANGALORE,Debit,Rs. 402,554935,UPI,TXN534037
22-01-2024,19:12,UPI-IOC9075@HDFCBANK,Debit,"7,264.00",-378160,UPI,TXN734252
22-01-2024,19:12,UPI-IOC9075@HDFCBANK,Debit,"7,264.00",-378160,UPI,TXN734252
22-01-2024,20:12,OLA ELECTRIC,DR,₹420,555985,UPI,TXN877493
22-01-2024,21:47,UPI-SWIGGY-2954@HDFCBANK,DR,₹254,554681,UPI,TXN697467
22-Jan-24,23:30,Swiggy*Order,Debit,Rs. 648,555337,UPI,TXN659572
23-01-2024,01:33,OLA ELECTRIC,DR,₹260,551946,UPI,TXN256130
23-Jan-24,05:09,UBER INDIA,Debit,₹144,552206,UPI,TXN658065
23-Jan-24,05:54,POS BANGALORE RESTAURANT,DR,₹1630,549699,UPI,TXN986392
23-01-2024,15:43,FKART INTRNET,Debit,"1,682.00",552999,UPI,TXN277487
23-Jan-24,18:11,UPI-SWIGGY-5808@HDFCBANK,DR,Rs. 649,552350,UPI,TXN983472
23-01-2024,18:36,AMAZON SELLER SVCS,Debit,1031,548668,UPI,TXN817675
23-Jan-24,19:16,POS ZOMATO,DR,₹617,551329,UPI,TXN817269
23-Jan-24,21:36,UPI-BIGBASKET@HDFCBANK,DR,"1,797.00",546871,UPI,TXN517643
24-01-2024,11:04,AMZN-INTPYMT,Debit,"Rs. 3,208",538953,UPI,TXN514913
24-01-2024,12:01,POS OLA-PRIME,DR,Rs. 165,542207,UPI,TXN188813
24-01-2024,12:04,SWIGGY-INSTAMART,Debit,Rs. 354,545969,UPI,TXN493663
24-01-2024,13:25,POS ZOMATO,DR,₹695,537721,UPI,TXN924040
24-01-2024,15:23,BHIM SWIGGY,DR,Rs. 234,542372,UPI,TXN684041
24-01-2024,16:15,TUMMOC-BMTC,Debit,₹46,542161,UPI,TXN389366
24-01-2024,16:42,UPI-AMAZONPAY@HDFCBANK,Debit,"3,363.00",542606,UPI,TXN764693
24-01-2024,17:36,BHIM ZEPTO,DR,548,546323,UPI,TXN156304
24-Jan-24,18:43,FLIPKART INDIA,DR,16260,-583293,UPI,TXN858498
24-01-2024,18:51,GROFERS INDIA P L,DR,537,538416,UPI,TXN829066
24-Jan-24,21:37,POS INDIAN OIL BANGALORE,DR,"Rs. 10,408",-323092,UPI,TXN781212
25-Jan-24,05:17,AMZN PRIME,DR,1489,448729,UPI,TXN520651
25-01-2024,09:32,POS FLIPKART BANGALORE,DR,₹3133,533740,UPI,TXN796982
25-01-2024,18:02,GROFERS INDIA P L,DR,Rs. 776,532964,UPI,TXN643998
25-Jan-24,18:14,POS OLA-PRIME,Debit,Rs. 348,532616,UPI,TXN409783
25-01-2024,18:37,POS SWIGGY BANGALORE,DR,₹459,537262,UPI,TXN826490
25-Jan-24,21:50,POS SWIGGY-RESTAURANT,Debit,₹389,536873,UPI,TXN726979
25-01-2024,23:07,AMZN-INTPYMT,Debit,"1,410.00",531206,UPI,TXN574425
26-01-2024,08:48,TUMMOC-BMTC,Debit,14,530692,UPI,TXN613261
26-01-2024,09:19,POS SWIGGY BANGALORE,Debit,Rs. 239,528362,UPI,TXN663483
26-Jan-24,15:38,MYNTRA-ORDER,Debit,"2,091.00",528601,UPI,TXN804758
26-Jan-24,17:11,UPI-RAPIDO@OKAXIS,DR,177,528185,UPI,TXN608149
26-01-2024,20:07,POS ZEPTO BANGALORE,DR,173,531033,UPI,TXN447067
26-01-2024,22:14,OLA CABS,DR,Rs. 327,530706,UPI,TXN104666
27-Jan-24,03:14,POS ZOMATO,DR,₹475,526073,UPI,TXN669488
27-01-2024,14:52,POS EMPIRE RESTAURANT,DR,385,525688,UPI,TXN571578
27-Jan-24,21:05,UPI-ZOMATO-LIMITED@PAYTM,Debit,424,525264,UPI,TXN548965
27-01-2024,22:32,POS TRUFFLES,DR,₹1637,526548,UPI,TXN898025
28-01-2024,11:13,UPI-SWIGGY-5551@HDFCBANK,Debit,₹592,524672,UPI,TXN999695
28-Jan-24,20:44,BUNDL TECH-INSTAMART,DR,Rs. 557,523190,UPI,TXN796405
28-Jan-24,20:48,BMTC BUS PASS,DR,35,523747,UPI,TXN197616
28-01-2024,20:50,RAPIDO BIKE TAXI,Debit,171,523019,UPI,TXN693643
28-Jan-24,21:52,MYNTRA DESIGNS,DR,₹890,523782,UPI,TXN253347
29-01-2024,05:56,UBER SYSTEMS INDIA,Debit,₹146,515825,UPI,TXN593894
29-01-2024,10:00,POS MYNTRA,DR,₹3349,518236,UPI,TXN945106
29-01-2024,13:46,UBER INDIA,DR,₹249,517654,UPI,TXN865470
29-01-2024,13:56,POS SWIGGY BANGALORE,DR,333,517903,UPI,TXN739966
29-01-2024,16:19,ZOMATO MEDIA P L,DR,₹571,521585,UPI,TXN337178
29-01-2024,19:08,ZOMATO MEDIA P L,Debit,Rs. 651,522156,UPI,TXN780432
29-01-2024,19:48,UPI-THIRDWAVE@OKAXIS,DR,₹212,522807,UPI,TXN548580
29-01-2024,21:13,POS MEGHANA FOODS,DR,₹1360,515971,UPI,TXN623850
29-Jan-24,23:20,INSTAMART BANGALORE,Debit,323,517331,UPI,TXN989079
30-Jan-24,01:04,COFFEE DAY GLOBAL,Debit,Rs. 153,515672,UPI,TXN535612
30-Jan-24,01:29,POS DMART BANGALORE,Debit,₹1536,508971,UPI,TXN486162
30-01-2024,08:15,UBER SYSTEMS INDIA,DR,353,510507,UPI,TXN148159
30-01-2024,09:40,AMZN-INTPYMT,DR,"Rs. 1,500",514172,UPI,TXN765105
30-01-2024,10:47,UBER INDIA,Debit,476,513530,UPI,TXN855777
30-01-2024,14:49,OLA ELECTRIC,DR,220,508751,UPI,TXN827146
30-Jan-24,15:31,POS HP PETROL STATION,DR,"1,432.00",511499,UPI,TXN220936
30-Jan-24,15:41,COFFEE DAY GLOBAL,DR,₹166,514006,UPI,TXN742039
30-01-2024,15:47,POS ZOMATO,Debit,₹599,512931,UPI,TXN846925
30-Jan-24,18:02,UPI-ZOMATO-LIMITED@PAYTM,DR,639,510860,UPI,TXN876644
31-Jan-24,00:42,AVENUE SUPERMARTS,Debit,1921,506830,UPI,TXN249289
31-Jan-24,01:53,Swiggy*Order,DR,₹579,500947,UPI,TXN952227
31-01-2024,02:19,INSTAMART BANGALORE,DR,₹446,501526,UPI,TXN932369
31-Jan-24,03:49,UPI-DMART@OKAXIS,Debit,₹2774,503513,UPI,TXN423284
31-01-2024,06:58,TUMMOC-BMTC,DR,24,506806,UPI,TXN513507
31-01-2024,10:46,BIGBASKET BANGALORE,DR,"Rs. 1,258",499047,UPI,TXN255851
31-01-2024,18:27,POS SWIGGY BANGALORE,Debit,₹519,506287,UPI,TXN178315
31-01-2024,20:05,AMAZONIN MARKETPLACE,Debit,"1,541.00",501972,UPI,TXN473023
31-01-2024,23:12,POS SWIGGY-RESTAURANT,DR,Rs. 642,500305,UPI,TXN276149
01-02-2024,08:18,POS UBER BANGALORE,Debit,395,498652,UPI,TXN651356
01-02-2024,09:20,INSTAMART BANGALORE,Debit,791,497255,UPI,TXN344068
01-Feb-24,09:42,NEFT-TECHCRUSH LABS-SALARY MAY24,CR,"84,724.00",530245,NEFT,TXN542666
01-02-2024,23:34,UPI-ZOMATO-LIMITED@PAYTM,Debit,606,498046,UPI,TXN437226
02-Feb-24,09:49,UPI-DMART@OKAXIS,DR,₹2704,491354,UPI,TXN881549
02-Feb-24,10:11,POS THIRD WAVE COFFEE,DR,435,495636,UPI,TXN176054
02-02-2024,11:19,SPOTIFY INDIA,Debit,119,496071,UPI,TXN311250
02-Feb-24,12:20,ZOMATO MEDIA P L,DR,₹612,496190,UPI,TXN949767
02-02-2024,14:20,BHIM SWIGGY,DR,₹265,491089,UPI,TXN171087
02-02-2024,17:55,Swiggy*Order,Debit,₹475,490413,UPI,TXN458411
02-02-2024,19:17,UPI-SWIGGY-7959@HDFCBANK,Debit,453,496802,UPI,TXN986278
02-02-2024,19:35,POS ZEPTO BANGALORE,Debit,778,494058,UPI,TXN836109
02-Feb-24,20:46,UPI-BLINKIT-3798@PAYTM,Debit,Rs. 201,490888,UPI,TXN493580
02-Feb-24,22:25,UPI-BLINKIT-3397@PAYTM,Debit,800,494836,UPI,TXN780714
03-02-2024,11:12,BUNDL Tech P L,Debit,Rs. 389,489729,UPI,TXN548377
03-02-2024,15:42,UPI-SWIGGY-INSTAMART@OKAXIS,DR,₹451,488791,UPI,TXN587648
03-Feb-24,19:35,POS BLINKIT,DR,Rs. 295,490118,UPI,TXN156157
03-Feb-24,21:36,ZOMATO BENGALURU,Debit,231,488560,UPI,TXN680493
03-02-2024,21:40,POS SWIGGY-RESTAURANT,DR,₹487,489242,UPI,TXN923002
04-Feb-24,01:24,BESCOM ELEC BILL,DR,"1,939.00",484786,UPI,TXN647945
04-Feb-24,04:13,UPI-DMART@OKAXIS,DR,₹1169,486725,UPI,TXN862422
04-Feb-24,07:09,POS CAFE COFFEE DAY,DR,187,484599,UPI,TXN460572
04-02-2024,16:34,INSTAMART BANGALORE,DR,666,487894,UPI,TXN281276
05-02-2024,00:16,POS OLA-PRIME,Debit,₹431,481212,UPI,TXN416822
05-Feb-24,04:30,RAPIDO BIKE TAXI,Debit,103,483985,UPI,TXN339030
05-02-2024,08:55,OLA ELECTRIC,DR,Rs. 362,482396,UPI,TXN270820
05-Feb-24,11:24,IMPS-RENT-LANDLORD-39598076,Debit,"Rs. 18,000",512245,IMPS,TXN407757
05-Feb-24,12:29,UPI-RESTAURANT-7285@PAYTM,DR,₹403,482758,UPI,TXN612530
05-02-2024,18:52,POS STARBUCKS BANGALORE,DR,248,483161,UPI,TXN310477
05-02-2024,19:36,ZOMATO-DINING,Debit,511,484088,UPI,TXN447596
05-02-2024,20:13,POS EMPIRE RESTAURANT,DR,₹753,481643,UPI,TXN281614
05-02-2024,20:25,UPI-RAPIDO@OKAXIS,Debit,₹61,481151,UPI,TXN166938
05-Feb-24,23:28,UPI-SWIGGY2461@OKAXIS,DR,Rs. 576,483409,UPI,TXN607993
06-02-2024,11:03,INSTAMART BANGALORE,Debit,334,477518,UPI,TXN289117
06-Feb-24,12:17,POS ZEPTO BANGALORE,Debit,417,480734,UPI,TXN856320
06-Feb-24,13:54,ZOMATO-DINING,Debit,Rs. 260,477852,UPI,TXN813763
06-02-2024,17:11,TWC INDIA,Debit,442,478112,UPI,TXN489737
06-02-2024,18:18,SWIGGY-INSTAMART,DR,312,480422,UPI,TXN819656
06-02-2024,18:58,POS NYKAA BANGALORE,DR,"1,868.00",478554,UPI,TXN860413
07-02-2024,00:26,ROPPEN TRANSPORTATION,DR,60,473612,UPI,TXN396439
07-02-2024,01:03,UPI-NYKAA@AXIS,Debit,₹842,473672,UPI,TXN828961
07-02-2024,04:18,UPI-SWIGGY4619@OKAXIS,Debit,₹413,474828,UPI,TXN951452
07-02-2024,08:12,Swiggy*Order,Debit,₹491,473121,UPI,TXN620465
07-02-2024,10:46,INSTAMART BANGALORE,DR,314,474514,UPI,TXN908713
07-02-2024,11:43,POS EMPIRE RESTAURANT,DR,308,475241,UPI,TXN275133
07-02-2024,15:11,UPI-FLIPKART@HDFCBANK,DR,"1,583.00",475935,UPI,TXN192318
07-Feb-24,16:27,SWIGGY-INSTAMART,Debit,386,475549,UPI,TXN893612
07-02-2024,17:28,UPI-AMAZONPAY@HDFCBANK,Debit,₹21986,-360151,UPI,TXN988380
08-Feb-24,06:16,BMTC BUS PASS,DR,24,473062,UPI,TXN477712
08-02-2024,09:46,ZOMATO BENGALURU,Debit,Rs. 230,472103,UPI,TXN476018
08-02-2024,10:05,IMPS ZERODHA-COIN,DR,₹15000,497245,UPI,TXN755674
08-02-2024,10:21,UPI-STARBUCKS@AXIS,DR,362,469397,UPI,TXN569865
08-02-2024,10:47,UPI-THIRDWAVE@OKAXIS,DR,229,472833,UPI,TXN752011
08-Feb-24,14:15,UPI-RAPIDO@OKAXIS,DR,35,473086,UPI,TXN178693
08-02-2024,18:47,POS EMPIRE RESTAURANT,DR,"1,480.00",470111,UPI,TXN605339
08-Feb-24,19:23,ZEPTO MARKETPLACE,Debit,500,472333,UPI,TXN935620
08-Feb-24,19:24,BHIM-BLINKIT,Debit,352,469759,UPI,TXN178501
08-02-2024,20:56,UBER INDIA,DR,Rs. 512,471591,UPI,TXN838793
09-Feb-24,07:31,UPI-FLIPKART@HDFCBANK,DR,3352,466045,UPI,TXN768507
09-Feb-24,16:13,POS ZEPTO BANGALORE,Debit,Rs. 617,465428,UPI,TXN574514
09-Feb-24,16:13,POS ZEPTO BANGALORE,Debit,Rs. 617,465428,UPI,TXN574514
09-02-2024,19:47,POS FLIPKART BANGALORE,Debit,3255,461992,UPI,TXN299836
09-Feb-24,20:14,UPI-SWIGGY3675@OKAXIS,Debit,₹181,465247,UPI,TXN272129
10-02-2024,08:38,TWC INDIA,DR,379,460232,UPI,TXN404694
10-Feb-24,16:09,POS HP PETROL STATION,DR,627,456933,UPI,TXN349136
10-Feb-24,16:59,BHIM SWIGGY,DR,₹504,461488,UPI,TXN871976
10-Feb-24,17:20,POS UBER BANGALORE,Debit,398,460611,UPI,TXN574843
10-02-2024,17:53,Amazon Pay India,DR,"2,592.00",457560,UPI,TXN268752
10-Feb-24,19:44,UPI-MYNTRA@HDFCBANK,Debit,₹1678,455255,UPI,TXN879794
10-Feb-24,21:08,ROPPEN TRANSPORTATION,Debit,80,460152,UPI,TXN844618
10-Feb-24,22:53,POS SWIGGY-RESTAURANT,DR,₹479,461009,UPI,TXN506224
11-02-2024,10:18,ROPPEN TRANSPORTATION,DR,Rs. 90,452467,UPI,TXN352023
11-Feb-24,12:04,RELIANCE JIO,DR,215,493875,UPI,TXN704201
11-Feb-24,15:50,BESCOM ELEC BILL,Debit,₹1768,492107,UPI,TXN785197
11-02-2024,17:59,UPI-SWIGGY-1309@HDFCBANK,Debit,259,452849,UPI,TXN475479
11-Feb-24,19:55,UBER INDIA,DR,366,454889,UPI,TXN408467
11-02-2024,20:33,POS SWIGGY BANGALORE,Debit,₹292,452557,UPI,TXN323717
11-02-2024,23:04,AMAZON IN,Debit,"1,781.00",453108,UPI,TXN367403
12-Feb-24,02:45,UPI-RAPIDO@OKAXIS,DR,Rs. 119,449888,UPI,TXN573039
12-Feb-24,03:14,POS MYNTRA,Debit,₹3026,445177,UPI,TXN804313
12-02-2024,04:36,SWIGGY-INSTAMART,Debit,485,448203,UPI,TXN992819
12-Feb-24,04:53,NETFLIX ENTERTAINMENT,DR,Rs. 526,496719,UPI,TXN217301
12-Feb-24,13:01,UPI-UBER-5667@HDFCBANK,DR,₹339,449549,UPI,TXN627262
12-Feb-24,15:13,FSN E-COMMERCE,Debit,1273,450007,UPI,TXN883171
12-02-2024,17:02,UBER SYSTEMS INDIA,Debit,Rs. 489,451978,UPI,TXN907921
12-Feb-24,18:54,POS STARBUCKS BANGALORE,Debit,₹371,448688,UPI,TXN682032
12-02-2024,20:19,BHIM SWIGGY,DR,Rs. 490,449059,UPI,TXN243006
12-02-2024,20:28,UPI-BLINKIT-2630@PAYTM,DR,698,451280,UPI,TXN664107
13-Feb-24,09:34,UPI-RESTAURANT-7678@PAYTM,DR,702,440731,UPI,TXN906564
13-Feb-24,11:22,ATM-WDL-HDFC-4942,DR,₹5000,-746917,ATM,TXN271319
13-Feb-24,18:09,Uber*Trip,DR,429,444399,UPI,TXN771967
13-Feb-24,20:08,Amazon Pay India,DR,₹2966,441433,UPI,TXN394247
13-02-2024,20:31,UPI-SWIGGY1616@OKAXIS,DR,Rs. 349,444828,UPI,TXN746281
14-02-2024,09:36,UPI-NEHA-9795@OKAXIS,Debit,"2,425.00",-766586,UPI,TXN668178
14-02-2024,11:13,FLIPKART INDIA,DR,"Rs. 2,719",435759,UPI,TXN700067
14-02-2024,12:58,SWIGGY-INSTAMART,DR,₹294,438786,UPI,TXN273650
14-02-2024,13:34,RELIANCE JIO,Debit,Rs. 475,440256,UPI,TXN194952
14-Feb-24,15:42,INSTAMART BANGALORE,DR,Rs. 424,439832,UPI,TXN476224
14-02-2024,18:17,ZOMATO BENGALURU,DR,Rs. 308,438478,UPI,TXN218844
14-02-2024,19:06,BUNDL Tech P L,Debit,540,439080,UPI,TXN976052
14-02-2024,20:14,BUNDL Tech P L,Debit,212,439620,UPI,TXN148693
15-Feb-24,04:56,UPI-SPOTIFY-IN@AXIS,Debit,119,496600,UPI,TXN658582
15-Feb-24,05:24,OLA CABS,Debit,317,434278,UPI,TXN286040
15-Feb-24,14:02,UPI-AMAZONPAY@HDFCBANK,DR,"4,373.00",429905,UPI,TXN780768
15-02-2024,20:10,BIGTREE ENTERTAINMENT,Debit,474,434595,UPI,TXN575497
15-Feb-24,22:33,ZOMATO-DINING,Debit,₹690,435069,UPI,TXN735988
16-02-2024,07:40,BHIM-BMTC,Debit,₹10,424326,UPI,TXN139589
16-Feb-24,10:23,UPI-RAPIDO@OKAXIS,Debit,62,425573,UPI,TXN516760
16-Feb-24,11:50,UPI-STARBUCKS@AXIS,Debit,Rs. 467,425106,UPI,TXN244775
16-Feb-24,19:47,POS TRUFFLES,Debit,770,424336,UPI,TXN817817
16-02-2024,20:44,AMAZON IN,DR,₹3764,426141,UPI,TXN903061
16-02-2024,21:18,UPI-ZOMATO4177@OKICICI,DR,Rs. 506,425635,UPI,TXN315397
17-02-2024,08:52,UPI-BESCOM-BILL@HDFCBANK,Debit,"Rs. 1,366",420565,UPI,TXN685766
17-02-2024,09:41,BIGBASKET BANGALORE,Debit,₹1517,422809,UPI,TXN788793
17-02-2024,11:52,UPI-AMAZONPAY@HDFCBANK,DR,13674,-611841,UPI,TXN649317
17-02-2024,12:12,INNOVATIVE RETAIL,Debit,₹518,422291,UPI,TXN265092
17-02-2024,12:25,SWIGGY-INSTAMART,DR,360,421931,UPI,TXN686273
17-Feb-24,12:34,POS INSTAMART,DR,₹189,419114,UPI,TXN429119
17-Feb-24,13:07,BUNDL Tech P L,Debit,591,419974,UPI,TXN894268
17-Feb-24,20:43,BHIM-BLINKIT,DR,₹671,419303,UPI,TXN431067
17-02-2024,21:17,BLINKIT BANGALORE,DR,387,418727,UPI,TXN976960
18-Feb-24,03:06,POS DINEOUT,Debit,₹1714,412890,UPI,TXN477808
18-02-2024,08:58,POS SWIGGY-RESTAURANT,Debit,Rs. 220,418507,UPI,TXN702427
18-Feb-24,09:09,Amazon Pay India,Debit,"Rs. 1,475",414604,UPI,TXN689444
18-Feb-24,10:25,TATA STARBUCKS,DR,363,416079,UPI,TXN682316
18-02-2024,17:48,UPI-RESTAURANT-3715@PAYTM,Debit,"Rs. 1,346",417161,UPI,TXN626883
18-02-2024,18:16,BHIM ZEPTO,DR,₹341,416442,UPI,TXN834750
18-Feb-24,21:49,GROFERS INDIA P L,DR,Rs. 378,416783,UPI,TXN205641
19-Feb-24,06:01,UPI-BIGBASKET@HDFCBANK,DR,₹1293,411597,UPI,TXN440881
19-02-2024,09:25,UPI-STARBUCKS@AXIS,Debit,272,410700,UPI,TXN208976
19-02-2024,10:41,ZOMATO-DINING,DR,₹676,410024,UPI,TXN136862
19-Feb-24,14:47,UPI-RAPIDO@OKAXIS,DR,149,411448,UPI,TXN542306
19-Feb-24,16:54,UPI-UBER-1232@HDFCBANK,Debit,Rs. 176,411272,UPI,TXN566509
19-Feb-24,20:20,RAPIDO BIKE TAXI,DR,Rs. 156,409868,UPI,TXN885290
19-Feb-24,20:47,POS CAFE COFFEE DAY,DR,300,410972,UPI,TXN834733
20-Feb-24,03:08,STAR INDIA PVT LTD,DR,"Rs. 1,272",495328,UPI,TXN804314
20-02-2024,05:48,AMZN-INTPYMT,DR,₹2477,405673,UPI,TXN767830
20-02-2024,08:09,BMTC BUS PASS,Debit,10,401383,UPI,TXN446290
20-Feb-24,10:00,POS ZEPTO BANGALORE,Debit,₹711,408150,UPI,TXN183057
20-02-2024,10:44,AMAZON IN,DR,₹4280,401393,UPI,TXN559713
20-02-2024,15:40,POS OLA-PRIME,Debit,₹393,409475,UPI,TXN418319
20-02-2024,18:48,POS SWIGGY BANGALORE,Debit,614,408861,UPI,TXN936726
20-Feb-24,20:09,BUNDL Tech P L,Debit,208,401175,UPI,TXN227885
21-Feb-24,02:31,POS NYKAA BANGALORE,Debit,₹1353,398709,UPI,TXN496119
21-02-2024,02:36,POS FLIPKART BANGALORE,Debit,"2,928.00",393661,UPI,TXN113721
21-02-2024,03:46,INNOVATIVE RETAIL,DR,₹536,400614,UPI,TXN799080
21-02-2024,08:40,POS ZOMATO,DR,₹422,400192,UPI,TXN921533
21-02-2024,08:57,GROFERS INDIA P L,DR,Rs. 240,398469,UPI,TXN591147
21-02-2024,09:01,POS BLINKIT,Debit,834,396918,UPI,TXN902930
21-02-2024,12:28,TUMMOC-BMTC,DR,25,401150,UPI,TXN427270
21-02-2024,12:28,TUMMOC-BMTC,DR,25,401150,UPI,TXN427270
21-02-2024,17:20,POS OLA-PRIME,DR,₹329,396589,UPI,TXN212255
21-02-2024,18:09,UPI-RAPIDO@OKAXIS,DR,130,400062,UPI,TXN835395
21-02-2024,21:58,ZEPTO MARKETPLACE,Debit,717,397752,UPI,TXN630535
22-02-2024,03:18,UPI-SWIGGY-5933@HDFCBANK,DR,Rs. 485,390692,UPI,TXN909000
22-Feb-24,11:25,POS ZOMATO,Debit,458,391708,UPI,TXN985893
22-02-2024,12:02,UPI-RESTAURANT-0251@PAYTM,DR,₹444,392591,UPI,TXN651752
22-02-2024,12:19,UPI-ZOMATO3977@OKICICI,Debit,247,389012,UPI,TXN823092
22-Feb-24,16:11,Uber*Trip,Debit,Rs. 425,392166,UPI,TXN209159
22-Feb-24,18:56,UPI-ZOMATO-LIMITED@PAYTM,Debit,626,393035,UPI,TXN161132
22-02-2024,19:17,POS MEGHANA FOODS,Debit,₹1433,389259,UPI,TXN710434
22-02-2024,20:06,UPI-RAPIDO@OKAXIS,Debit,111,388901,UPI,TXN536754
22-02-2024,20:27,BHIM-BLINKIT,Debit,Rs. 531,391177,UPI,TXN516379
23-Feb-24,04:25,UPI-OLACABS@HDFCBANK,Debit,Rs. 254,387998,UPI,TXN783932
23-02-2024,07:43,RAPIDO BIKE TAXI,Debit,Rs. 135,388252,UPI,TXN598969
23-Feb-24,12:38,UPI-BLINKIT-7138@PAYTM,Debit,Rs. 871,386739,UPI,TXN957915
23-02-2024,16:47,OLA CABS,DR,Rs. 388,387610,UPI,TXN483010
23-02-2024,18:24,UPI-RAPIDO@OKAXIS,Debit,169,385323,UPI,TXN108739
23-Feb-24,19:09,ZOMATO MEDIA P L,DR,587,386152,UPI,TXN114400
23-Feb-24,19:42,UPI-SWIGGY8086@OKAXIS,DR,Rs. 616,384707,UPI,TXN844162
23-02-2024,20:19,GROFERS INDIA P L,Debit,660,385492,UPI,TXN248213
23-02-2024,20:47,UPI-SWIGGY-6605@HDFCBANK,Debit,₹514,388387,UPI,TXN626806
24-Feb-24,12:36,RAPIDO BIKE TAXI,DR,74,381238,UPI,TXN817276
24-Feb-24,17:01,FKART INTRNET,Debit,"1,720.00",382747,UPI,TXN505977
24-02-2024,19:01,DISNEY HOTSTAR,Debit,"1,435.00",381312,UPI,TXN755910
24-02-2024,21:34,ZEPTO MARKETPLACE,DR,Rs. 240,384467,UPI,TXN449773
25-Feb-24,04:28,AMAZON PRIME VIDEO,DR,₹1238,494090,UPI,TXN842225
25-Feb-24,06:49,UPI-BIGBASKET@HDFCBANK,DR,₹834,378778,UPI,TXN127351
25-02-2024,13:45,POS DINEOUT,DR,"1,372.00",379866,UPI,TXN854388
25-Feb-24,13:56,UPI-SWIGGY-7844@HDFCBANK,Debit,254,379612,UPI,TXN767782
25-02-2024,15:48,UPI-SWIGGY-1487@HDFCBANK,Debit,Rs. 502,375549,UPI,TXN742917
25-02-2024,15:56,UPI-OLACABS@HDFCBANK,DR,Rs. 480,376051,UPI,TXN870881
25-02-2024,16:00,POS ZOMATO,DR,673,377768,UPI,TXN560623
25-02-2024,17:20,POS DINEOUT,Debit,1237,376531,UPI,TXN699716
25-02-2024,19:30,BHIM-BLINKIT,Debit,₹337,378441,UPI,TXN302647
26-Feb-24,07:08,UPI-UBER-6248@HDFCBANK,DR,Rs. 243,373348,UPI,TXN327408
26-Feb-24,08:02,BHIM-BLINKIT,Debit,₹883,372119,UPI,TXN398194
26-Feb-24,13:42,UPI-BESCOM-BILL@HDFCBANK,Debit,1107,373591,UPI,TXN402808
26-02-2024,14:26,UPI-OLACABS@HDFCBANK,DR,₹346,373002,UPI,TXN785010
26-Feb-24,17:05,TUMMOC-BMTC,Debit,₹43,374698,UPI,TXN279185
26-Feb-24,18:38,Uber*Trip,DR,Rs. 433,371686,UPI,TXN497346
26-Feb-24,19:45,ZOMATO BENGALURU,DR,₹658,374741,UPI,TXN219710
26-02-2024,20:09,POS BANGALORE RESTAURANT,DR,"8,383.00",-567033,UPI,TXN308266
26-02-2024,20:53,POS BANGALORE RESTAURANT,Debit,"1,427.00",370259,UPI,TXN741784
26-02-2024,21:29,UPI-RAPIDO@OKAXIS,DR,Rs. 150,375399,UPI,TXN126122
27-02-2024,00:01,POS INDIAN OIL BANGALORE,DR,"1,452.00",368457,UPI,TXN768470
27-Feb-24,12:49,UPI-NEHA-5906@OKAXIS,DR,"Rs. 1,860",-717945,UPI,TXN517326
27-Feb-24,17:59,OLA ELECTRIC,DR,₹186,369909,UPI,TXN404598
27-02-2024,19:44,POS ZOMATO,DR,Rs. 344,368113,UPI,TXN515287
27-Feb-24,23:33,ANI Technologies,Debit,Rs. 164,370095,UPI,TXN650912
28-Feb-24,02:11,UBER SYSTEMS INDIA,DR,Rs. 239,367874,UPI,TXN757667
28-02-2024,04:23,MYNTRA DESIGNS,DR,653,362191,UPI,TXN868020
28-Feb-24,04:43,POS NYKAA BANGALORE,Debit,1758,363121,UPI,TXN698717
28-02-2024,07:12,DISNEY HOTSTAR,DR,₹885,360503,UPI,TXN753205
28-02-2024,07:20,UPI-NETFLIX-MEMB@HDFCBANK,DR,272,361919,UPI,TXN647718
28-02-2024,08:07,POS OLA-PRIME,Debit,277,362844,UPI,TXN326639
28-02-2024,13:02,BHIM SWIGGY,Debit,531,361388,UPI,TXN769883
28-Feb-24,20:57,Amazon Pay India,Debit,"2,995.00",364879,UPI,TXN682145
29-02-2024,01:07,POS FLIPKART BANGALORE,DR,"Rs. 1,739",357261,UPI,TXN848969
29-Feb-24,03:30,UPI-AMAZONPAY@HDFCBANK,Debit,Rs. 663,359497,UPI,TXN957150
29-Feb-24,10:41,POS THIRD WAVE COFFEE,DR,Rs. 218,357043,UPI,TXN457264
29-Feb-24,13:14,BHIM-BMTC,Debit,24,359000,UPI,TXN575301
29-02-2024,18:35,BUNDL Tech P L,DR,343,360160,UPI,TXN666836
29-Feb-24,20:27,ZOMATO-DINING,DR,601,356442,UPI,TXN977394
29-02-2024,20:51,UPI-ZOMATO-LIMITED@PAYTM,Debit,Rs. 473,359024,UPI,TXN775721
01-03-2024,01:41,POS SWIGGY BANGALORE,DR,188,354352,UPI,TXN578180
01-03-2024,09:35,NEFT-TECHCRUSH LABS-SALARY MAY24,CR,"Rs. 84,701",576808,NEFT,TXN214576
01-Mar-24,13:24,BHIM ZEPTO,Debit,₹595,354540,UPI,TXN802615
01-03-2024,13:35,ANI Technologies,Debit,169,356273,UPI,TXN164468
01-03-2024,17:03,BHIM-BLINKIT,DR,200,355135,UPI,TXN755584
01-Mar-24,20:43,KIRANAKART TECH,Debit,461,355335,UPI,TXN165442
01-03-2024,20:56,UPI-SWIGGY-7642@HDFCBANK,Debit,477,355796,UPI,TXN431976
02-Mar-24,01:46,IMPS ZERODHA-COIN,DR,"Rs. 15,000",338420,UPI,TXN707784
02-Mar-24,01:59,POS ZEPTO BANGALORE,DR,761,336962,UPI,TXN405925
02-03-2024,02:21,UPI-ZEPTO-4547@HDFCBANK,Debit,697,337723,UPI,TXN408929
02-Mar-24,05:09,BLINKIT BANGALORE,Debit,₹809,335271,UPI,TXN705822
02-03-2024,10:41,UPI-STARBUCKS@AXIS,DR,355,334916,UPI,TXN597643
02-03-2024,11:37,POS SWIGGY BANGALORE,DR,558,336080,UPI,TXN134697
02-Mar-24,11:58,AMAZON IN,Debit,18273,-558650,UPI,TXN228115
02-Mar-24,12:32,POS TRUFFLES,Debit,₹851,353420,UPI,TXN604923
02-03-2024,15:18,UPI-THIRDWAVE@OKAXIS,Debit,₹324,336638,UPI,TXN877444
02-03-2024,21:39,RAPIDO BIKE TAXI,DR,₹81,354271,UPI,TXN622355
03-03-2024,00:00,UPI-ZEPTO-4563@HDFCBANK,Debit,₹219,331958,UPI,TXN749485
03-Mar-24,10:18,FSN E-COMMERCE,Debit,"Rs. 2,238",332678,UPI,TXN783740
03-03-2024,13:12,IMPS-RENT-LANDLORD-51148088,DR,18000,558808,IMPS,TXN976638
03-03-2024,13:17,UPI-RESTAURANT-6377@PAYTM,DR,501,332177,UPI,TXN288656
03-03-2024,22:42,Swiggy*Order,DR,637,331321,UPI,TXN779378
03-Mar-24,22:57,OLA CABS,Debit,176,331145,UPI,TXN800007
04-Mar-24,08:31,UBER INDIA,Debit,₹195,330517,UPI,TXN176461
04-03-2024,08:34,COFFEE DAY GLOBAL,DR,241,329497,UPI,TXN456581
04-03-2024,09:04,UPI-ZEPTO-3309@HDFCBANK,Debit,₹433,330712,UPI,TXN310416
04-03-2024,15:49,ANI Technologies,DR,371,329738,UPI,TXN957710
04-03-2024,16:12,POS TRUFFLES,DR,₹7441,-472880,UPI,TXN830484
04-03-2024,16:53,UPI-ZEPTO-0070@HDFCBANK,DR,610,325248,UPI,TXN648530
04-Mar-24,17:49,Swiggy*Order,Debit,328,329169,UPI,TXN476712
04-03-2024,20:49,UPI-SWIGGY-8169@HDFCBANK,Debit,408,330109,UPI,TXN510339
04-03-2024,21:28,FLIPKART INDIA,Debit,"3,311.00",325858,UPI,TXN774661
05-03-2024,05:19,UPI-ZOMATO-LIMITED@PAYTM,DR,620,324534,UPI,TXN745533
05-Mar-24,09:51,AMZN PRIME,DR,"1,153.00",322350,UPI,TXN139448
05-03-2024,14:21,UPI-CCD@HDFCBANK,DR,166,323996,UPI,TXN142675
05-03-2024,20:09,UPI-RAPIDO@OKAXIS,DR,94,325154,UPI,TXN115063
05-03-2024,20:27,ZOMATO MEDIA P L,DR,372,324162,UPI,TXN323589
05-Mar-24,20:40,SWIGGY-INSTAMART,DR,493,323503,UPI,TXN722571
05-Mar-24,21:33,UPI-AMAZONPAY@HDFCBANK,Debit,"19,917.00",-465439,UPI,TXN674071
05-Mar-24,21:33,UPI-AMAZONPAY@HDFCBANK,Debit,"19,917.00",-465439,UPI,TXN674071
06-Mar-24,04:21,AMZN-INTPYMT,DR,"2,051.00",315359,UPI,TXN340860
06-03-2024,11:40,FLIPKART INDIA,Debit,₹3000,319300,UPI,TXN145209
06-Mar-24,14:13,BUNDL Tech P L,DR,₹402,318898,UPI,TXN923648
06-03-2024,15:29,ZOMATO BENGALURU,DR,₹568,317410,UPI,TXN588148
06-Mar-24,17:05,BMTC BUS PASS,DR,50,322300,UPI,TXN665940
06-03-2024,18:04,Swiggy*Order,Debit,₹638,318260,UPI,TXN338846
06-03-2024,20:55,SWIGGY-INSTAMART,Debit,282,317978,UPI,TXN577092
06-03-2024,22:21,UPI-VIKAS-5416@OKAXIS,Debit,"1,860.00",-701388,UPI,TXN249522
07-03-2024,00:42,UPI-BOOKMYSHOW@HDFCBANK,Debit,₹562,311487,UPI,TXN837290
07-03-2024,10:02,UPI-ZERODHA-COIN@AXIS,DR,₹15000,543808,UPI,TXN509386
07-Mar-24,12:21,POS BPCL PETROL PUMP,DR,₹7366,-338165,UPI,TXN767155
07-03-2024,14:09,UPI-HOTSTAR@AXIS,DR,"Rs. 1,473",312375,UPI,TXN949049
07-03-2024,17:13,POS TRUFFLES,DR,"Rs. 1,511",313848,UPI,TXN333210
07-03-2024,18:28,UPI-THIRDWAVE@OKAXIS,DR,₹326,312049,UPI,TXN779099
08-03-2024,00:23,AMAZONIN MARKETPLACE,Debit,₹1685,308194,UPI,TXN601736
08-Mar-24,08:25,ATM-WDL-HDFC-9140,DR,"Rs. 2,000",-741917,ATM,TXN849646
08-03-2024,10:29,TWC INDIA,DR,380,311107,UPI,TXN831963
08-Mar-24,12:53,Amazon Pay India,Debit,1255,306612,UPI,TXN948083
08-Mar-24,13:50,AVENUE SUPERMARTS,Debit,₹1228,309879,UPI,TXN483349
08-03-2024,17:55,POS STARBUCKS BANGALORE,Debit,₹327,307867,UPI,TXN461996
08-03-2024,21:12,POS INDIAN OIL BANGALORE,DR,₹1437,305175,UPI,TXN255141
09-03-2024,02:51,UPI-ZOMATO6436@OKICICI,Debit,318,304647,UPI,TXN655919
09-Mar-24,09:50,ATM-WDL-SBI-4080,Debit,₹5000,-729544,ATM,TXN970962
09-03-2024,12:10,POS SWIGGY BANGALORE,DR,₹496,302690,UPI,TXN432006
09-03-2024,12:40,NETFLIX.COM,Debit,210,304965,UPI,TXN405677
09-03-2024,13:23,OLA CABS,Debit,214,302476,UPI,TXN659565
09-Mar-24,16:19,POS DINEOUT,Debit,"1,461.00",303186,UPI,TXN149617
09-Mar-24,22:25,ZEPTO MARKETPLACE,Debit,₹661,301815,UPI,TXN403905
10-Mar-24,01:37,UPI-IOC0494@HDFCBANK,Debit,"2,048.00",297886,UPI,TXN243578
10-03-2024,01:47,BMS MOVIE TICKETS,DR,620,296258,UPI,TXN118397
10-Mar-24,02:39,Swiggy*Order,DR,610,300910,UPI,TXN305222
10-03-2024,10:03,UPI-RESTAURANT-4630@PAYTM,Debit,599,295659,UPI,TXN473276
10-03-2024,13:24,BHIM-BMTC,DR,33,300351,UPI,TXN877548
10-Mar-24,18:28,BHIM SWIGGY,DR,Rs. 526,300384,UPI,TXN255132
10-03-2024,19:18,BMS MOVIE TICKETS,DR,Rs. 417,299934,UPI,TXN650818
10-03-2024,21:18,ZOMATO-DINING,Debit,483,297403,UPI,TXN261505
10-03-2024,22:53,ZOMATO-DINING,DR,525,296878,UPI,TXN617000
10-Mar-24,23:42,POS STARBUCKS BANGALORE,Debit,₹295,301520,UPI,TXN677723
11-03-2024,03:13,INNOVATIVE RETAIL,DR,766,293841,UPI,TXN222227
11-03-2024,09:44,POS THIRD WAVE COFFEE,Debit,Rs. 376,294607,UPI,TXN456844
11-Mar-24,18:04,ZEPTO MARKETPLACE,Debit,676,294983,UPI,TXN818240
11-Mar-24,20:34,BESCOM ELEC BILL,Debit,₹2240,539235,UPI,TXN240814
12-03-2024,04:22,IMPS ZERODHA-COIN,DR,"Rs. 15,000",271860,UPI,TXN619900
12-03-2024,04:59,NETFLIX.COM,Debit,₹600,543208,UPI,TXN161324
12-03-2024,08:10,AVENUE SUPERMARTS,DR,"2,430.00",287558,UPI,TXN395548
12-03-2024,11:19,BIGBASKET BANGALORE,Debit,"Rs. 1,865",291976,UPI,TXN880623
12-Mar-24,12:54,POS DINEOUT,Debit,"1,721.00",290255,UPI,TXN181511
12-Mar-24,16:35,UPI-CCD@HDFCBANK,Debit,334,271526,UPI,TXN336845
12-Mar-24,17:27,Swiggy*Order,DR,₹201,290054,UPI,TXN416298
12-03-2024,19:50,ROPPEN TRANSPORTATION,DR,66,289988,UPI,TXN390849
12-Mar-24,20:00,ZOMATO MEDIA P L,Debit,₹698,286860,UPI,TXN806242
13-Mar-24,00:11,AMAZONIN MARKETPLACE,DR,"Rs. 2,732",263449,UPI,TXN680684
13-03-2024,10:25,BHIM SWIGGY,DR,535,270770,UPI,TXN523927
13-03-2024,12:09,UPI-IOC1246@HDFCBANK,DR,"2,072.00",268263,UPI,TXN970645
13-03-2024,12:34,Flipkart Internet,DR,"Rs. 1,707",266181,UPI,TXN494617
13-Mar-24,19:11,UPI-SWIGGY1600@OKAXIS,Debit,₹375,267888,UPI,TXN794255
13-03-2024,21:12,KIRANAKART TECH,DR,Rs. 221,271305,UPI,TXN809381
13-03-2024,21:46,BUNDL Tech P L,Debit,435,270335,UPI,TXN524089
14-03-2024,03:15,INSTAMART BANGALORE,Debit,₹433,262449,UPI,TXN664570
14-03-2024,04:53,UPI-SWIGGY8576@OKAXIS,Debit,Rs. 367,262882,UPI,TXN474725
14-Mar-24,06:21,POS BANGALORE RESTAURANT,DR,Rs. 859,260342,UPI,TXN943187
14-03-2024,07:31,ZEPTO MARKETPLACE,Debit,Rs. 252,261615,UPI,TXN621091
14-Mar-24,14:54,OLA ELECTRIC,Debit,₹200,263249,UPI,TXN164407
14-Mar-24,14:55,BHIM ZEPTO,DR,Rs. 582,261867,UPI,TXN509260
14-03-2024,15:33,POS INDIAN OIL BANGALORE,DR,"Rs. 10,505",-404618,UPI,TXN631778
14-Mar-24,20:34,ATM-WDL-HDFC-8030,DR,"Rs. 1,000",-767586,ATM,TXN854124
14-Mar-24,22:04,UBER INDIA,DR,414,261201,UPI,TXN852570
15-03-2024,06:47,SPOTIFY*PREMIUM,DR,Rs. 119,543089,UPI,TXN992697
15-Mar-24,08:09,MYNTRA DESIGNS,DR,1484,258362,UPI,TXN379901
15-Mar-24,08:52,POS OLA-PRIME,Debit,359,259846,UPI,TXN162790
15-Mar-24,10:26,RAPIDO BIKE TAXI,DR,Rs. 137,260205,UPI,TXN295600
15-03-2024,19:16,POS MEGHANA FOODS,Debit,"1,706.00",256656,UPI,TXN557318
15-Mar-24,21:12,AMZN-INTPYMT,DR,₹1555,255101,UPI,TXN857568
16-03-2024,08:47,BHIM SWIGGY,Debit,₹436,254325,UPI,TXN728958
16-03-2024,15:40,ZOMATO MEDIA P L,Debit,690,251832,UPI,TXN512064
16-Mar-24,19:52,UPI-BLINKIT-6907@PAYTM,DR,515,252522,UPI,TXN351318
16-03-2024,20:21,SWIGGY-INSTAMART,DR,606,253719,UPI,TXN560823
16-Mar-24,21:03,POS INSTAMART,DR,682,253037,UPI,TXN251950
16-03-2024,21:05,BUNDL Tech P L,DR,340,254761,UPI,TXN983687
17-03-2024,03:11,NETFLIX ENTERTAINMENT,DR,Rs. 550,249202,UPI,TXN975224
17-Mar-24,05:01,AMZN PRIME,Debit,₹1322,247880,UPI,TXN520515
17-Mar-24,05:10,BHIM ZEPTO,Debit,Rs. 405,249752,UPI,TXN601602
17-Mar-24,07:59,BWSSB WATER BILL,Debit,₹491,251341,UPI,TXN183985
17-Mar-24,08:55,BMTC BUS PASS,DR,₹27,247668,UPI,TXN810083
17-Mar-24,11:50,UPI-ZOMATO-LIMITED@PAYTM,Debit,274,247394,UPI,TXN189903
17-03-2024,16:20,TUMMOC-BMTC,DR,₹39,250157,UPI,TXN420389
17-Mar-24,17:09,UBER SYSTEMS INDIA,Debit,Rs. 185,247695,UPI,TXN335388
17-03-2024,22:30,UPI-RESTAURANT-7888@PAYTM,Debit,"Rs. 1,145",250196,UPI,TXN731364
18-03-2024,08:38,UPI-AMAZONPAY@HDFCBANK,Debit,622,246389,UPI,TXN143122
18-03-2024,09:32,POS OLA-PRIME,DR,Rs. 372,246017,UPI,TXN234082
18-Mar-24,13:44,Swiggy*Order,DR,₹383,247011,UPI,TXN346249
18-Mar-24,13:44,Swiggy*Order,DR,₹383,247011,UPI,TXN346249
19-Mar-24,02:57,UPI-AMAZONPAY@HDFCBANK,DR,4304,237133,UPI,TXN229660
19-03-2024,06:23,GROWW INVEST TECH,Debit,₹3761,242256,UPI,TXN872663
19-03-2024,08:58,UPI-CCD@HDFCBANK,DR,169,236580,UPI,TXN211222
19-03-2024,10:05,POS EMPIRE RESTAURANT,DR,₹1242,235338,UPI,TXN752596
19-Mar-24,10:18,BLINKIT BANGALORE,DR,384,236749,UPI,TXN651567
19-03-2024,18:09,BMS MOVIE TICKETS,DR,₹819,241437,UPI,TXN840255
20-Mar-24,03:04,STAR INDIA PVT LTD,DR,Rs. 438,542651,UPI,TXN712024
20-03-2024,11:47,POS ZOMATO,DR,509,230109,UPI,TXN582515
20-Mar-24,13:11,BUNDL TECH-INSTAMART,Debit,425,234181,UPI,TXN261621
20-03-2024,13:27,POS FLIPKART BANGALORE,DR,669,232956,UPI,TXN809298
20-03-2024,16:16,UBER SYSTEMS INDIA,Debit,₹321,230950,UPI,TXN512045
20-03-2024,16:19,UPI-IOC2000@HDFCBANK,DR,"Rs. 1,009",231271,UPI,TXN587227
20-03-2024,16:45,UPI-SWIGGY5466@OKAXIS,Debit,332,230618,UPI,TXN949352
20-03-2024,18:27,BUNDL Tech P L,Debit,Rs. 556,233625,UPI,TXN506941
20-Mar-24,19:09,ZOMATO-DINING,DR,Rs. 676,232280,UPI,TXN255825
20-Mar-24,19:46,ZEPTO MARKETPLACE,DR,Rs. 732,234606,UPI,TXN731548
20-Mar-24,20:47,RAPIDO BIKE TAXI,Debit,₹159,229950,UPI,TXN241677
20-Mar-24,21:32,UPI-SNEHA-0942@OKAXIS,DR,Rs. 266,-731810,UPI,TXN729557
21-03-2024,00:10,AMAZONIN MARKETPLACE,DR,"1,498.00",227833,UPI,TXN974343
21-03-2024,01:12,UPI-SWIGGY-2664@HDFCBANK,DR,619,229331,UPI,TXN255362
21-03-2024,12:06,BUNDL TECH-INSTAMART,Debit,Rs. 825,227008,UPI,TXN638292
22-Mar-24,06:27,Swiggy*Order,Debit,238,224817,UPI,TXN684080
22-Mar-24,08:38,JIOFIBER,Debit,565,225697,UPI,TXN870267
22-Mar-24,09:44,BHIM ZEPTO,Debit,677,224140,UPI,TXN211035
22-03-2024,15:54,BHIM-BLINKIT,DR,365,225332,UPI,TXN205805
22-03-2024,18:52,UBER INDIA,DR,389,226619,UPI,TXN596330
22-03-2024,19:41,POS SWIGGY-RESTAURANT,Debit,Rs. 357,226262,UPI,TXN716204
22-Mar-24,20:31,UPI-THIRDWAVE@OKAXIS,Debit,₹277,225055,UPI,TXN627935
23-03-2024,08:27,POS THIRD WAVE COFFEE,DR,305,222887,UPI,TXN852485
23-Mar-24,12:55,UPI-CCD@HDFCBANK,Debit,175,223538,UPI,TXN106907
23-Mar-24,14:09,BHARTI AIRTEL LTD,Debit,712,221300,UPI,TXN919528
23-Mar-24,19:45,BUNDL Tech P L,Debit,₹589,222012,UPI,TXN393371
23-03-2024,19:56,UPI-UBER-0377@HDFCBANK,DR,Rs. 294,221006,UPI,TXN324116
23-Mar-24,20:05,POS THIRD WAVE COFFEE,DR,286,222601,UPI,TXN702466
23-03-2024,20:06,UPI-UBER-5112@HDFCBANK,Debit,₹427,223713,UPI,TXN562965
23-03-2024,20:21,UPI-ZOMATO1274@OKICICI,DR,346,223192,UPI,TXN542207
24-Mar-24,14:45,TATA STARBUCKS,DR,Rs. 339,219743,UPI,TXN359662
24-Mar-24,15:48,OLA CABS,Debit,445,220561,UPI,TXN215806
24-03-2024,18:12,UPI-SWIGGY4144@OKAXIS,DR,601,219142,UPI,TXN599387
24-03-2024,18:16,TATA STARBUCKS,DR,479,220082,UPI,TXN944510
24-Mar-24,18:36,UPI-VI-RECHARGE@HDFCBANK,DR,Rs. 350,541475,UPI,TXN265409
25-Mar-24,05:02,ANI Technologies,Debit,333,213786,UPI,TXN239260
25-03-2024,06:33,AMAZON PRIME VIDEO,Debit,826,541825,UPI,TXN176066
25-03-2024,09:45,POS SWIGGY BANGALORE,Debit,414,218247,UPI,TXN686181
25-03-2024,17:06,UPI-KARAN-5789@OKAXIS,DR,2149,-716085,UPI,TXN946282
25-Mar-24,18:09,Flipkart Internet,DR,"Rs. 3,510",214119,UPI,TXN228270
25-Mar-24,19:25,SWIGGY-INSTAMART,Debit,Rs. 481,218661,UPI,TXN270753
25-03-2024,22:38,UPI-BLINKIT-1501@PAYTM,Debit,Rs. 618,217629,UPI,TXN408261
26-03-2024,06:13,ZERODHA-MF SIP,DR,15000,193065,UPI,TXN456470
26-03-2024,09:30,Amazon Pay India,DR,486,189259,UPI,TXN923356
26-03-2024,09:55,Amazon Pay India,DR,"2,849.00",190216,UPI,TXN261719
26-03-2024,11:28,POS FLIPKART BANGALORE,Debit,3032,210754,UPI,TXN455465
26-03-2024,13:10,BHIM ZEPTO,DR,Rs. 210,190006,UPI,TXN439966
26-03-2024,22:34,UPI-SWIGGY-9575@HDFCBANK,DR,475,208065,UPI,TXN288474
26-Mar-24,22:56,POS NYKAA BANGALORE,Debit,₹2214,208540,UPI,TXN686523
26-Mar-24,22:57,UPI-ZOMATO-LIMITED@PAYTM,Debit,₹261,189745,UPI,TXN433799
27-Mar-24,00:29,AMAZONIN MARKETPLACE,Debit,"Rs. 2,619",186195,UPI,TXN468488
27-Mar-24,09:27,OLA ELECTRIC,Debit,227,184623,UPI,TXN386275
27-Mar-24,11:53,UPI-RESTAURANT-0753@PAYTM,Debit,1345,184850,UPI,TXN860294
27-03-2024,13:54,OLA ELECTRIC,DR,Rs. 445,188814,UPI,TXN682119
28-Mar-24,00:31,NEXTBILLION-GROWW,DR,"4,883.00",171074,UPI,TXN618008
28-Mar-24,05:01,AMAZONIN MARKETPLACE,Debit,₹2553,175957,UPI,TXN617795
28-03-2024,08:29,POS HP PETROL STATION,Debit,₹1727,182896,UPI,TXN281965
28-03-2024,11:52,ROPPEN TRANSPORTATION,DR,Rs. 131,178510,UPI,TXN302365
28-Mar-24,21:45,Amazon Pay India,DR,4255,178641,UPI,TXN566801
29-Mar-24,04:21,UPI-BWSSB@AXIS,Debit,₹568,169079,UPI,TXN596580
29-Mar-24,09:54,TUMMOC-BMTC,DR,11,170514,UPI,TXN781605
29-Mar-24,12:20,BWSSB WATER BILL,DR,Rs. 255,169647,UPI,TXN178056
29-Mar-24,20:43,UPI-ZOMATO5010@OKICICI,Debit,549,170525,UPI,TXN648489
29-Mar-24,22:27,SWIGGY-INSTAMART,DR,₹612,169902,UPI,TXN391433
30-Mar-24,03:21,BLINKIT BANGALORE,Debit,₹732,168347,UPI,TXN163634
30-03-2024,09:56,UPI-BWSSB@AXIS,Debit,316,168031,UPI,TXN686424
30-Mar-24,10:43,POS UBER BANGALORE,DR,153,167649,UPI,TXN701056
30-03-2024,18:22,POS SWIGGY-RESTAURANT,DR,395,167254,UPI,TXN638051
30-03-2024,21:25,SWIGGY-INSTAMART,Debit,Rs. 229,167802,UPI,TXN750338
31-03-2024,04:01,UPI-BLINKIT-1469@PAYTM,Debit,₹768,165543,UPI,TXN307434
31-Mar-24,04:22,OLA CABS,Debit,220,166740,UPI,TXN728896
31-Mar-24,04:39,ZOMATO BENGALURU,Debit,500,164360,UPI,TXN712454
31-03-2024,05:05,AMZN PRIME,Debit,"Rs. 1,142",163218,UPI,TXN437456
31-Mar-24,10:16,POS ZEPTO BANGALORE,Debit,₹328,165215,UPI,TXN810360
31-03-2024,10:56,UPI-STARBUCKS@AXIS,DR,Rs. 294,166960,UPI,TXN975744
31-03-2024,12:39,ZOMATO BENGALURU,Debit,₹309,166311,UPI,TXN107052
31-03-2024,13:24,AMAZONIN MARKETPLACE,Debit,"Rs. 15,953",-394113,UPI,TXN255130
31-Mar-24,19:56,UPI-SWIGGY9328@OKAXIS,DR,236,164979,UPI,TXN753476
31-03-2024,20:01,POS MEGHANA FOODS,DR,₹7931,-445522,UPI,TXN149269
31-03-2024,20:36,ROPPEN TRANSPORTATION,DR,120,166620,UPI,TXN769795
31-03-2024,21:04,UPI-SPOTIFY-IN@AXIS,Debit,Rs. 119,164860,UPI,TXN767044
01-04-2024,05:57,POS ZEPTO BANGALORE,DR,₹234,159686,UPI,TXN140140
01-04-2024,06:49,POS NYKAA BANGALORE,DR,"Rs. 1,626",157772,UPI,TXN898134
01-Apr-24,09:23,NEFT-TECHCRUSH LABS-SALARY MAY24,CR,₹84736,623971,NEFT,TXN395442
01-Apr-24,10:43,POS OLA-PRIME,DR,288,159398,UPI,TXN875758
01-04-2024,11:31,POS MYNTRA,DR,₹2440,160778,UPI,TXN345770
01-04-2024,11:56,INSTAMART BANGALORE,DR,Rs. 566,160212,UPI,TXN341358
01-04-2024,13:39,ANI Technologies,Debit,₹292,159920,UPI,TXN345147
01-Apr-24,20:14,AVENUE SUPERMARTS,Debit,"Rs. 1,309",156463,UPI,TXN930382
01-04-2024,21:27,SWIGGY-INSTAMART,DR,574,155889,UPI,TXN624078
02-04-2024,09:10,Uber*Trip,DR,193,154055,UPI,TXN397604
02-04-2024,11:04,NYKAA E-RETAIL,Debit,"1,993.00",151827,UPI,TXN425387
02-04-2024,12:33,ZOMATO-DINING,Debit,235,153820,UPI,TXN235410
02-04-2024,12:57,ZOMATO MEDIA P L,DR,516,149961,UPI,TXN351338
02-Apr-24,13:26,POS EMPIRE RESTAURANT,DR,₹1171,154718,UPI,TXN245893
02-04-2024,13:47,AMZN-INTPYMT,Debit,996,150477,UPI,TXN991125
02-04-2024,14:25,ATM-WDL-HDFC-3609,DR,₹500,-699528,ATM,TXN329222
02-04-2024,15:43,POS OLA-PRIME,DR,354,151473,UPI,TXN614807
02-04-2024,22:21,SWIGGY-INSTAMART,DR,Rs. 470,154248,UPI,TXN573469
03-Apr-24,01:01,POS ZOMATO,DR,207,145283,UPI,TXN276037
03-Apr-24,03:32,BMTC BUS PASS,Debit,₹16,145267,UPI,TXN324164
03-04-2024,03:52,UPI-DMART@OKAXIS,Debit,"1,523.00",145704,UPI,TXN111755
03-04-2024,04:16,ZOMATO MEDIA P L,DR,258,147227,UPI,TXN848244
03-Apr-24,07:22,UPI-RAPIDO@OKAXIS,DR,80,145624,UPI,TXN772149
03-Apr-24,13:00,UPI-SWIGGY0226@OKAXIS,Debit,Rs. 385,144882,UPI,TXN170601
03-Apr-24,18:06,ROPPEN TRANSPORTATION,DR,Rs. 134,145490,UPI,TXN350127
03-04-2024,18:26,FLIPKART INDIA,Debit,"2,147.00",147485,UPI,TXN997343
03-Apr-24,21:34,BHIM SWIGGY,DR,₹329,149632,UPI,TXN210335
04-04-2024,04:24,UPI-FLIPKART@HDFCBANK,Debit,"Rs. 1,137",141577,UPI,TXN925198
04-04-2024,08:11,BHIM-BMTC,Debit,48,140464,UPI,TXN517589
04-04-2024,11:48,UPI-SWIGGY9600@OKAXIS,Debit,632,143966,UPI,TXN343715
04-Apr-24,13:26,UPI-STARBUCKS@AXIS,DR,367,141210,UPI,TXN360401
04-Apr-24,15:27,BHIM-BLINKIT,DR,Rs. 717,139747,UPI,TXN187275
04-Apr-24,16:00,UPI-FLIPKART@HDFCBANK,DR,₹1252,142714,UPI,TXN492716
04-04-2024,16:14,POS THIRD WAVE COFFEE,Debit,₹355,140855,UPI,TXN765181
04-Apr-24,20:31,INSTAMART BANGALORE,Debit,284,144598,UPI,TXN827418
04-04-2024,22:08,UPI-BOOKMYSHOW@HDFCBANK,DR,Rs. 343,140512,UPI,TXN272132
05-Apr-24,09:19,UPI-BIGBASKET@HDFCBANK,Debit,463,135435,UPI,TXN278922
05-Apr-24,12:19,POS UBER BANGALORE,Debit,₹515,135898,UPI,TXN319703
05-Apr-24,12:45,BHIM-BMTC,Debit,Rs. 47,136413,UPI,TXN659102
05-04-2024,13:45,IMPS-RENT-LANDLORD-36852906,Debit,"Rs. 18,000",605971,IMPS,TXN237174
05-04-2024,14:09,INNOVATIVE RETAIL,Debit,₹1582,138165,UPI,TXN592053
05-04-2024,15:31,TUMMOC-BMTC,DR,₹50,137341,UPI,TXN952624
05-04-2024,19:01,BLINKIT BANGALORE,DR,881,136460,UPI,TXN775699
05-04-2024,20:18,UPI-FLIPKART@HDFCBANK,DR,14305,-509536,UPI,TXN864670
05-Apr-24,22:00,UPI-ZOMATO7344@OKICICI,Debit,Rs. 206,137959,UPI,TXN613331
05-Apr-24,23:04,UPI-ZEPTO-9191@HDFCBANK,Debit,568,137391,UPI,TXN888086
06-Apr-24,09:31,UPI-ZOMATO9481@OKICICI,DR,293,135142,UPI,TXN301205
06-04-2024,12:03,RAPIDO BIKE TAXI,DR,₹126,133595,UPI,TXN656405
06-04-2024,12:31,BHIM SWIGGY,DR,Rs. 524,134193,UPI,TXN107614
06-Apr-24,16:48,GROFERS INDIA P L,Debit,472,133721,UPI,TXN478756
06-04-2024,21:26,ZOMATO MEDIA P L,DR,₹425,134717,UPI,TXN458772
07-Apr-24,06:45,UPI-RAPIDO@OKAXIS,Debit,42,131246,UPI,TXN803176
07-04-2024,18:55,POS ZEPTO BANGALORE,DR,196,133249,UPI,TXN599250
07-Apr-24,19:23,ROPPEN TRANSPORTATION,DR,150,133445,UPI,TXN952092
07-04-2024,20:57,UPI-IOC2115@HDFCBANK,DR,705,132544,UPI,TXN415986
07-04-2024,23:55,POS DINEOUT,DR,"1,256.00",131288,UPI,TXN791792
08-Apr-24,03:42,INNOVATIVE RETAIL,DR,₹1682,128215,UPI,TXN329537
08-04-2024,10:05,IMPS ZERODHA-COIN,DR,15000,590971,UPI,TXN710805
08-04-2024,13:24,UPI-SWIGGY-3513@HDFCBANK,Debit,Rs. 475,129897,UPI,TXN812299
08-Apr-24,14:38,BESCOM ELEC BILL,Debit,₹1689,585773,UPI,TXN146542
08-Apr-24,17:41,UPI-STARBUCKS@AXIS,DR,₹443,130372,UPI,TXN485600
08-Apr-24,18:46,BHIM SWIGGY,DR,Rs. 431,130815,UPI,TXN852293
09-Apr-24,09:52,FLIPKART INDIA,Debit,"Rs. 3,000",124653,UPI,TXN653485
09-Apr-24,09:59,TUMMOC-BMTC,DR,22,124631,UPI,TXN579757
09-Apr-24,12:51,BHIM-BMTC,DR,31,127653,UPI,TXN998397
09-Apr-24,14:09,AMAZON SELLER SVCS,Debit,₹531,127684,UPI,TXN405654
09-04-2024,16:28,POS UBER BANGALORE,DR,496,124135,UPI,TXN206900
09-04-2024,23:09,RAPIDO BIKE TAXI,Debit,₹131,124004,UPI,TXN640472
10-04-2024,02:07,UPI-RESTAURANT-3549@PAYTM,DR,₹1336,118195,UPI,TXN644675
10-Apr-24,04:38,UPI-VI-RECHARGE@HDFCBANK,DR,₹654,119531,UPI,TXN369232
10-Apr-24,13:39,POS HP PETROL STATION,DR,"8,350.00",-637695,UPI,TXN702960
10-04-2024,16:05,BIGTREE ENTERTAINMENT,Debit,₹1046,122632,UPI,TXN227980
10-04-2024,16:19,UPI-BOOKMYSHOW@HDFCBANK,DR,835,120576,UPI,TXN512925
10-Apr-24,16:32,UPI-FLIPKART@HDFCBANK,DR,₹1221,121411,UPI,TXN607711
10-Apr-24,16:51,ANI Technologies,DR,₹391,120185,UPI,TXN790573
10-Apr-24,22:40,OLA CABS,DR,Rs. 326,123678,UPI,TXN825399
10-Apr-24,22:56,UPI-PRIYA-8750@OKAXIS,DR,Rs. 325,-732135,UPI,TXN963318
11-Apr-24,07:36,UBER SYSTEMS INDIA,DR,Rs. 516,114083,UPI,TXN580024
11-Apr-24,11:19,ZOMATO BENGALURU,DR,Rs. 638,116817,UPI,TXN676558
11-04-2024,15:57,ZOMATO-DINING,DR,₹283,116534,UPI,TXN868265
11-Apr-24,16:08,KIRANAKART TECH,DR,740,117455,UPI,TXN146908
11-04-2024,18:41,POS ZEPTO BANGALORE,DR,347,116187,UPI,TXN497349
11-04-2024,19:04,BHIM SWIGGY,DR,Rs. 318,115869,UPI,TXN386526
11-04-2024,19:06,POS OLA-PRIME,DR,390,115294,UPI,TXN508486
11-04-2024,20:17,BHIM SWIGGY,DR,185,115684,UPI,TXN421440
11-04-2024,20:43,UPI-ZOMATO5845@OKICICI,Debit,Rs. 695,114599,UPI,TXN263044
12-04-2024,00:27,TWC INDIA,DR,373,111794,UPI,TXN971783
12-Apr-24,06:09,UPI-NETFLIX-MEMB@HDFCBANK,DR,₹419,590552,UPI,TXN361650
12-Apr-24,12:05,UPI-SWIGGY-INSTAMART@OKAXIS,DR,829,112167,UPI,TXN616791
12-Apr-24,16:44,UPI-STARBUCKS@AXIS,DR,396,111398,UPI,TXN807287
12-04-2024,18:57,UPI-BIGBASKET@HDFCBANK,Debit,₹910,110488,UPI,TXN218733
12-04-2024,19:32,POS HP PETROL STATION,DR,1087,112996,UPI,TXN420509
13-04-2024,00:27,INSTAMART BANGALORE,Debit,683,107344,UPI,TXN362285
13-04-2024,14:36,POS INDIAN OIL BANGALORE,Debit,₹7828,-419760,UPI,TXN425191
13-04-2024,15:19,ZOMATO-DINING,Debit,Rs. 386,106958,UPI,TXN555040
13-04-2024,20:54,RAPIDO BIKE TAXI,Debit,Rs. 65,110423,UPI,TXN774206
13-04-2024,21:45,BHIM SWIGGY,DR,₹281,106677,UPI,TXN602577
13-04-2024,21:59,MYNTRA-ORDER,DR,2396,108027,UPI,TXN295200
13-04-2024,23:07,IMPS ZERODHA-COIN,Debit,15000,91677,UPI,TXN984015
14-Apr-24,05:47,Swiggy*Order,Debit,Rs. 344,88933,UPI,TXN419141
14-Apr-24,06:31,Amazon Pay India,DR,926,90561,UPI,TXN359369
14-Apr-24,09:09,UPI-ZEPTO-6004@HDFCBANK,Debit,586,89914,UPI,TXN332548
14-04-2024,13:30,ROPPEN TRANSPORTATION,DR,₹61,90500,UPI,TXN140230
14-04-2024,15:32,UPI-BLINKIT-3223@PAYTM,Debit,637,89277,UPI,TXN290580
14-04-2024,19:43,POS SWIGGY BANGALORE,Debit,₹462,88471,UPI,TXN712711
14-Apr-24,21:08,UPI-SWIGGY-INSTAMART@OKAXIS,DR,824,87647,UPI,TXN178516
14-04-2024,22:50,POS SWIGGY BANGALORE,Debit,190,91487,UPI,TXN108418
15-Apr-24,02:22,SPOTIFY*PREMIUM,DR,₹119,590433,UPI,TXN872343
15-Apr-24,09:30,Uber*Trip,Debit,243,87404,UPI,TXN987187
15-Apr-24,09:57,POS ZOMATO,DR,₹513,84965,UPI,TXN368422
15-Apr-24,10:45,BHIM ZEPTO,DR,₹424,85882,UPI,TXN239430
15-Apr-24,12:55,UPI-GROWWPAY@HDFCBANK,DR,₹4389,80576,UPI,TXN381850
15-04-2024,18:13,UPI-SWIGGY-INSTAMART@OKAXIS,Debit,368,86306,UPI,TXN371407
15-04-2024,19:54,ZOMATO-DINING,Debit,₹585,79991,UPI,TXN294015
15-04-2024,20:41,ZEPTO MARKETPLACE,Debit,404,85478,UPI,TXN675956
15-Apr-24,22:03,KIRANAKART TECH,Debit,Rs. 344,86674,UPI,TXN917230
15-04-2024,23:57,RELIANCE JIO,DR,₹386,87018,UPI,TXN235197
16-04-2024,03:41,AMAZON IN,DR,2599,75092,UPI,TXN335428
16-Apr-24,15:02,UPI-CCD@HDFCBANK,DR,₹183,78445,UPI,TXN871889
16-04-2024,15:25,AMAZONIN MARKETPLACE,Debit,₹1071,78628,UPI,TXN114210
16-Apr-24,16:57,ZOMATO MEDIA P L,Debit,541,74332,UPI,TXN950100
16-04-2024,17:07,UPI-RAPIDO@OKAXIS,DR,₹40,77691,UPI,TXN337686
16-04-2024,18:46,ZOMATO MEDIA P L,DR,₹292,79699,UPI,TXN357167
16-04-2024,20:05,POS DINEOUT,Debit,₹714,77731,UPI,TXN669928
16-04-2024,22:22,UPI-SWIGGY1998@OKAXIS,DR,Rs. 219,74873,UPI,TXN728738
17-Apr-24,06:05,UPI-ZERODHA-COIN@AXIS,Debit,"15,000.00",58894,UPI,TXN244935
17-Apr-24,07:09,OLA CABS,DR,Rs. 307,54204,UPI,TXN246918
17-Apr-24,07:44,TATA STARBUCKS,DR,₹293,54511,UPI,TXN978116
17-Apr-24,08:10,ANI Technologies,Debit,Rs. 125,53619,UPI,TXN843810
17-04-2024,08:54,UPI-BESCOM-BILL@HDFCBANK,Debit,2394,54804,UPI,TXN158579
17-Apr-24,10:36,ATM-WDL-ICICI-6478,DR,"Rs. 5,000",-757875,ATM,TXN220570
17-04-2024,15:15,POS THIRD WAVE COFFEE,DR,298,58596,UPI,TXN542332
17-04-2024,16:19,TATA STARBUCKS,DR,460,53744,UPI,TXN133679
17-Apr-24,17:55,UPI-THIRDWAVE@OKAXIS,Debit,₹438,73894,UPI,TXN548217
17-Apr-24,18:51,UPI-MYNTRA@HDFCBANK,Debit,1398,57198,UPI,TXN162471
18-Apr-24,05:44,ANI Technologies,Debit,₹359,51742,UPI,TXN213666
18-04-2024,06:05,BIGBASKET BANGALORE,DR,1518,52101,UPI,TXN686462
18-04-2024,14:18,Swiggy*Order,DR,383,50409,UPI,TXN628040
18-Apr-24,14:49,UPI-SWIGGY0250@OKAXIS,DR,Rs. 613,51129,UPI,TXN678490
18-04-2024,22:15,UPI-ZOMATO-LIMITED@PAYTM,DR,₹337,50792,UPI,TXN423595
19-04-2024,08:37,POS THIRD WAVE COFFEE,Debit,403,50006,UPI,TXN853362
19-04-2024,11:43,ZOMATO BENGALURU,Debit,₹534,49472,UPI,TXN404969
19-Apr-24,18:51,POS TRUFFLES,Debit,Rs. 478,48754,UPI,TXN174589
19-04-2024,21:27,GROFERS INDIA P L,Debit,₹240,49232,UPI,TXN903541
20-04-2024,04:50,STAR INDIA PVT LTD,DR,₹1142,589291,UPI,TXN593554
20-04-2024,09:21,COFFEE DAY GLOBAL,DR,₹166,46365,UPI,TXN263306
20-04-2024,09:30,COFFEE DAY GLOBAL,DR,₹215,48539,UPI,TXN528902
20-04-2024,21:08,UPI-RESTAURANT-5630@PAYTM,Debit,₹1202,47337,UPI,TXN815711
20-04-2024,21:42,POS ZOMATO,DR,₹247,46531,UPI,TXN516226
20-04-2024,23:03,Swiggy*Order,Debit,Rs. 559,46778,UPI,TXN176523
20-04-2024,23:03,Swiggy*Order,Debit,Rs. 559,46778,UPI,TXN176523
21-04-2024,04:03,DISNEY HOTSTAR,Debit,Rs. 488,45601,UPI,TXN921934
21-04-2024,08:13,OLA ELECTRIC,Debit,217,43480,UPI,TXN833287
21-Apr-24,09:40,UPI-RAPIDO@OKAXIS,Debit,Rs. 80,46089,UPI,TXN802173
21-04-2024,11:36,SWIGGY-INSTAMART,DR,196,46169,UPI,TXN895466
21-04-2024,19:32,AIRTEL POSTPAID,Debit,708,587462,UPI,TXN378361
21-Apr-24,19:34,ZOMATO-DINING,DR,423,41077,UPI,TXN208854
21-04-2024,19:52,UPI-SWIGGY0894@OKAXIS,Debit,555,44379,UPI,TXN526127
21-04-2024,20:22,ZOMATO MEDIA P L,DR,667,44934,UPI,TXN746460
21-04-2024,20:28,ZOMATO BENGALURU,DR,Rs. 682,43697,UPI,TXN274169
21-04-2024,20:28,ZOMATO BENGALURU,DR,Rs. 682,43697,UPI,TXN274169
21-Apr-24,23:26,FKART INTRNET,DR,"Rs. 1,980",41500,UPI,TXN491246
22-04-2024,06:42,FKART INTRNET,Debit,₹1383,38953,UPI,TXN928909
22-04-2024,10:30,POS INSTAMART,Debit,Rs. 307,40336,UPI,TXN334814
22-04-2024,20:52,POS BLINKIT,Debit,814,38139,UPI,TXN968797
22-04-2024,22:06,BHIM SWIGGY,Debit,434,40643,UPI,TXN678381
23-Apr-24,10:40,INNOVATIVE RETAIL,DR,₹1249,36890,UPI,TXN224122
23-04-2024,16:15,POS ZEPTO BANGALORE,DR,537,35672,UPI,TXN228643
23-Apr-24,17:18,UPI-ANKIT-9877@OKAXIS,Debit,338,-737802,UPI,TXN461287
23-04-2024,19:34,SWIGGY-INSTAMART,Debit,220,36209,UPI,TXN332527
23-04-2024,19:53,UBER SYSTEMS INDIA,DR,461,36429,UPI,TXN722107
24-Apr-24,19:24,UPI-SWIGGY6412@OKAXIS,DR,635,34808,UPI,TXN996332
24-04-2024,21:05,KIRANAKART TECH,DR,Rs. 229,35443,UPI,TXN756075
24-04-2024,21:07,Swiggy*Order,DR,Rs. 640,33741,UPI,TXN196437
24-04-2024,23:22,UPI-SWIGGY-1791@HDFCBANK,DR,Rs. 427,34381,UPI,TXN897925
25-04-2024,03:12,AMAZON PRIME VIDEO,DR,₹1121,588170,UPI,TXN172792
25-Apr-24,08:20,UPI-CCD@HDFCBANK,DR,Rs. 326,31815,UPI,TXN731035
25-Apr-24,09:47,ANI Technologies,Debit,₹373,33368,UPI,TXN931681
25-Apr-24,10:50,POS CAFE COFFEE DAY,Debit,202,33166,UPI,TXN550167
25-04-2024,12:25,UPI-DMART@OKAXIS,DR,Rs. 502,32141,UPI,TXN252085
25-Apr-24,12:35,ZOMATO MEDIA P L,Debit,Rs. 342,31473,UPI,TXN952905
25-04-2024,14:57,UPI-ZOMATO-LIMITED@PAYTM,Debit,523,32643,UPI,TXN776434
26-04-2024,08:05,TUMMOC-BMTC,DR,22,29770,UPI,TXN216185
26-04-2024,11:41,POS HP PETROL STATION,DR,Rs. 748,29792,UPI,TXN820999
26-04-2024,13:16,SWIGGY-INSTAMART,DR,₹348,29422,UPI,TXN712505
26-04-2024,20:00,UBER SYSTEMS INDIA,DR,₹376,30874,UPI,TXN592718
26-04-2024,20:31,POS ZOMATO,Debit,₹223,31250,UPI,TXN118702
26-Apr-24,20:46,BUNDL Tech P L,Debit,Rs. 334,30540,UPI,TXN830288
27-Apr-24,01:13,SWIGGY-INSTAMART,Debit,Rs. 419,24044,UPI,TXN576076
27-04-2024,08:07,UPI-NYKAA@AXIS,Debit,₹2654,20098,UPI,TXN202564
27-04-2024,09:28,UPI-GROWWPAY@HDFCBANK,Debit,"4,737.00",24685,UPI,TXN336800
27-Apr-24,13:14,BUNDL TECH-INSTAMART,Debit,₹454,19050,UPI,TXN627685
27-04-2024,15:59,Swiggy*Order,Debit,₹396,19702,UPI,TXN152294
27-04-2024,16:55,AMAZON IN,Debit,₹1086,22752,UPI,TXN794037
27-Apr-24,20:06,UBER INDIA,DR,₹206,23838,UPI,TXN391334
27-Apr-24,20:45,UPI-SWIGGY5867@OKAXIS,DR,₹222,24463,UPI,TXN618631
27-04-2024,22:14,UPI-UBER-8525@HDFCBANK,Debit,198,19504,UPI,TXN850595
28-04-2024,00:16,AMAZON IN,DR,₹880,17678,UPI,TXN214699
28-Apr-24,01:43,Swiggy*Order,Debit,Rs. 328,17350,UPI,TXN614496
28-04-2024,07:26,UBER INDIA,Debit,252,16629,UPI,TXN303258
28-04-2024,09:00,TWC INDIA,DR,₹327,14796,UPI,TXN938635
28-04-2024,09:06,INNOVATIVE RETAIL,DR,"1,010.00",15619,UPI,TXN447283
28-Apr-24,13:17,INSTAMART BANGALORE,Debit,496,15123,UPI,TXN931023
28-04-2024,14:13,BHIM ZEPTO,DR,₹439,14357,UPI,TXN397025
28-04-2024,19:54,UBER INDIA,Debit,₹492,18558,UPI,TXN597654
28-04-2024,23:16,TATA STARBUCKS,Debit,469,16881,UPI,TXN863589
29-Apr-24,03:28,AMAZON SELLER SVCS,Debit,"Rs. 2,816",9939,UPI,TXN686058
29-04-2024,08:49,POS THIRD WAVE COFFEE,Debit,Rs. 251,12755,UPI,TXN974357
29-04-2024,12:14,TATA STARBUCKS,DR,₹299,8360,UPI,TXN733120
29-04-2024,19:24,ZOMATO-DINING,Debit,Rs. 416,13006,UPI,TXN438144
29-Apr-24,19:52,POS SWIGGY-RESTAURANT,DR,Rs. 328,8659,UPI,TXN689351
29-Apr-24,20:05,POS SWIGGY BANGALORE,DR,566,9373,UPI,TXN407592
29-04-2024,21:08,UPI-SWIGGY-4758@HDFCBANK,DR,386,8987,UPI,TXN781448
29-04-2024,23:35,UPI-FLIPKART@HDFCBANK,DR,₹935,13422,UPI,TXN471858
30-04-2024,03:58,UBER INDIA,Debit,321,3423,UPI,TXN321018
30-04-2024,05:06,UPI-MYNTRA@HDFCBANK,Debit,₹2440,5920,UPI,TXN346339
30-04-2024,06:26,UPI-RAPIDO@OKAXIS,Debit,143,3744,UPI,TXN789115
30-04-2024,08:59,POS SWIGGY-RESTAURANT,DR,527,1566,UPI,TXN863534
30-04-2024,09:44,Uber*Trip,DR,305,2093,UPI,TXN342959
30-Apr-24,14:19,Amazon Pay India,DR,"14,886.00",-524422,UPI,TXN486265
30-Apr-24,15:59,UPI-THIRDWAVE@OKAXIS,DR,300,2398,UPI,TXN913063
30-04-2024,18:44,ZOMATO BENGALURU,Debit,₹479,3887,UPI,TXN504562
30-04-2024,18:52,POS EMPIRE RESTAURANT,DR,1554,4366,UPI,TXN789402
30-Apr-24,19:24,UPI-BLINKIT-1165@PAYTM,Debit,725,2698,UPI,TXN391860
01-05-2024,09:37,NEFT-TECHCRUSH LABS-SALARY MAY24,CR,85393,671166,NEFT,TXN820221
01-05-2024,10:14,POS OLA-PRIME,Debit,268,-5092,UPI,TXN994640
01-May-24,11:04,POS STARBUCKS BANGALORE,Debit,251,1315,UPI,TXN282522
01-05-2024,13:43,POS EMPIRE RESTAURANT,Debit,"Rs. 1,794",-3649,UPI,TXN685836
01-05-2024,13:48,ZOMATO BENGALURU,DR,₹230,-7457,UPI,TXN691246
01-May-24,14:19,UPI-MYNTRA@HDFCBANK,Debit,₹2135,-7227,UPI,TXN541875
01-May-24,16:48,BHARTI AIRTEL LTD,DR,Rs. 335,-7792,UPI,TXN235753
01-05-2024,18:05,UPI-MYNTRA@HDFCBANK,DR,"Rs. 2,884",-1855,UPI,TXN673131
01-05-2024,19:24,BHIM ZEPTO,DR,₹286,1029,UPI,TXN953370
01-05-2024,20:28,POS EMPIRE RESTAURANT,Debit,"Rs. 1,175",-4824,UPI,TXN153979
02-May-24,03:32,UPI-SWIGGY4389@OKAXIS,DR,₹295,-8087,UPI,TXN919800
02-May-24,07:07,POS OLA-PRIME,DR,₹435,-9598,UPI,TXN883785
02-05-2024,18:34,UPI-STARBUCKS@AXIS,Debit,₹243,-9841,UPI,TXN466652
02-May-24,18:55,POS EMPIRE RESTAURANT,Debit,"Rs. 1,076",-9163,UPI,TXN547567
02-05-2024,21:18,OLA ELECTRIC,DR,186,-10027,UPI,TXN474297
02-05-2024,21:42,ATM-WDL-SBI-0237,DR,"Rs. 1,000",-704388,ATM,TXN824679
03-May-24,08:01,POS NYKAA BANGALORE,Debit,"1,777.00",-14749,UPI,TXN871137
03-05-2024,11:05,UPI-DMART@OKAXIS,DR,1213,-12291,UPI,TXN248857
03-05-2024,12:28,POS SWIGGY-RESTAURANT,Debit,512,-12803,UPI,TXN162621
03-05-2024,13:39,POS BLINKIT,DR,480,-16228,UPI,TXN436581
03-05-2024,16:19,POS MEGHANA FOODS,DR,1051,-11078,UPI,TXN839772
03-05-2024,18:31,KIRANAKART TECH,Debit,169,-12972,UPI,TXN132826
03-May-24,18:35,POS STARBUCKS BANGALORE,Debit,418,-15167,UPI,TXN644119
03-05-2024,20:28,POS BANGALORE RESTAURANT,DR,"1,247.00",-17475,UPI,TXN183410
03-May-24,22:29,ZOMATO BENGALURU,DR,581,-15748,UPI,TXN410194
04-05-2024,00:54,POS INDIAN OIL BANGALORE,DR,"Rs. 1,223",-19222,UPI,TXN489398
04-05-2024,08:41,UBER INDIA,DR,159,-17999,UPI,TXN371638
04-May-24,10:04,UBER INDIA,DR,₹365,-17840,UPI,TXN747966
04-May-24,19:04,POS TRUFFLES,Debit,1614,-20836,UPI,TXN492917
04-May-24,23:39,AMAZON IN,DR,505,-21341,UPI,TXN635608
05-05-2024,10:04,SWIGGY-INSTAMART,Debit,247,-23369,UPI,TXN452993
05-05-2024,11:29,ZOMATO BENGALURU,DR,₹207,-23122,UPI,TXN552376
05-May-24,12:32,POS BLINKIT,DR,₹278,-22814,UPI,TXN527417
05-05-2024,13:23,IMPS-RENT-LANDLORD-49966195,Debit,"18,000.00",653166,IMPS,TXN681343
05-May-24,17:45,UPI-STARBUCKS@AXIS,DR,396,-21737,UPI,TXN335490
05-May-24,17:46,UPI-OLACABS@HDFCBANK,Debit,Rs. 143,-23512,UPI,TXN894464
05-May-24,18:38,RAPIDO BIKE TAXI,DR,101,-22915,UPI,TXN910176
05-May-24,21:18,POS ZEPTO BANGALORE,DR,Rs. 399,-22536,UPI,TXN529838
05-May-24,23:40,ANI Technologies,Debit,Rs. 400,-22137,UPI,TXN432335
06-05-2024,09:49,BHIM-BMTC,Debit,Rs. 16,-24009,UPI,TXN894086
06-05-2024,10:52,ZOMATO MEDIA P L,Debit,₹683,-24692,UPI,TXN224309
06-05-2024,11:49,BHIM SWIGGY,Debit,Rs. 481,-23993,UPI,TXN633376
06-05-2024,15:10,OLA ELECTRIC,DR,134,-25149,UPI,TXN487491
06-May-24,15:14,POS ZEPTO BANGALORE,DR,₹323,-25015,UPI,TXN316890
06-05-2024,22:36,ZOMATO MEDIA P L,DR,Rs. 418,-25567,UPI,TXN375834
07-05-2024,10:06,IMPS ZERODHA-COIN,Debit,15000,638166,UPI,TXN418635
07-05-2024,12:42,UPI-SWIGGY8720@OKAXIS,DR,₹239,-25806,UPI,TXN761257
07-05-2024,15:14,Swiggy*Order,Debit,524,-26711,UPI,TXN193020
07-May-24,16:04,UPI-STARBUCKS@AXIS,DR,381,-26187,UPI,TXN357859
07-05-2024,18:32,UPI-PRIYA-0104@OKAXIS,DR,₹864,-752875,UPI,TXN644656
07-05-2024,20:47,UPI-DMART@OKAXIS,DR,₹1257,-27968,UPI,TXN498763
08-05-2024,07:14,POS NYKAA BANGALORE,DR,Rs. 860,-29364,UPI,TXN219051
08-05-2024,10:43,ANI Technologies,Debit,₹282,-30341,UPI,TXN767173
08-May-24,13:08,GROFERS INDIA P L,DR,695,-30059,UPI,TXN163756
08-05-2024,13:26,POS MEGHANA FOODS,Debit,Rs. 753,-31094,UPI,TXN857311
08-May-24,14:33,ZOMATO BENGALURU,Debit,Rs. 536,-28504,UPI,TXN474475
08-May-24,15:45,UPI-RESTAURANT-8932@PAYTM,DR,₹769,-32403,UPI,TXN121001
08-05-2024,15:49,UPI-SWIGGY9756@OKAXIS,DR,₹540,-31634,UPI,TXN264618
09-05-2024,00:44,BUNDL TECH-INSTAMART,Debit,394,-39179,UPI,TXN868678
09-May-24,02:19,FLIPKART INDIA,Debit,₹1661,-38355,UPI,TXN522780
09-05-2024,07:47,ANI Technologies,DR,Rs. 421,-35719,UPI,TXN204521
09-05-2024,12:50,UPI-MYNTRA@HDFCBANK,DR,"2,486.00",-34889,UPI,TXN952487
09-05-2024,14:46,UBER INDIA,DR,430,-38785,UPI,TXN727814
09-05-2024,15:08,TWC INDIA,Debit,409,-35298,UPI,TXN668011
09-May-24,19:30,POS ZOMATO,Debit,Rs. 392,-36111,UPI,TXN356496
09-05-2024,23:46,POS INSTAMART,DR,₹583,-36694,UPI,TXN487786
10-05-2024,07:18,OLA CABS,Debit,387,-40231,UPI,TXN883039
10-05-2024,15:08,POS UBER BANGALORE,Debit,420,-39844,UPI,TXN489684
10-05-2024,20:08,TUMMOC-BMTC,Debit,20,-40251,UPI,TXN426988
10-05-2024,20:24,UPI-SWIGGY-1714@HDFCBANK,DR,Rs. 245,-39424,UPI,TXN279015
11-May-24,01:32,VODAFONE IDEA LTD,DR,Rs. 712,-42205,UPI,TXN504257
11-05-2024,08:29,UPI-ZOMATO-LIMITED@PAYTM,DR,₹369,-40620,UPI,TXN301998
11-05-2024,10:34,ATM-WDL-SBI-0279,DR,"2,000.00",-759875,ATM,TXN671052
11-May-24,11:36,ZOMATO BENGALURU,Debit,252,-41458,UPI,TXN745804
11-May-24,11:53,BMTC BUS PASS,Debit,43,-42248,UPI,TXN687712
11-05-2024,14:10,UPI-RAPIDO@OKAXIS,DR,₹35,-41493,UPI,TXN181566
11-May-24,16:16,AMAZON SELLER SVCS,Debit,"Rs. 1,235",-43483,UPI,TXN544677
11-05-2024,18:58,ZOMATO BENGALURU,Debit,₹680,-44163,UPI,TXN714663
11-05-2024,20:55,BHIM ZEPTO,DR,₹586,-41206,UPI,TXN866150
11-May-24,20:58,BESCOM ELEC BILL,DR,₹1922,634587,UPI,TXN915451
12-May-24,04:13,NETFLIX ENTERTAINMENT,Debit,419,637747,UPI,TXN871711
12-May-24,04:39,POS INDIAN OIL BANGALORE,DR,"2,010.00",-47380,UPI,TXN484047
12-May-24,15:16,UPI-SWIGGY-6024@HDFCBANK,DR,437,-44600,UPI,TXN387492
12-05-2024,18:11,ZOMATO MEDIA P L,DR,525,-50110,UPI,TXN830115
12-05-2024,20:55,POS SWIGGY BANGALORE,DR,615,-45370,UPI,TXN390956
12-05-2024,20:55,POS SWIGGY BANGALORE,DR,615,-45370,UPI,TXN390956
12-05-2024,22:25,UPI-MYNTRA@HDFCBANK,DR,₹2205,-49585,UPI,TXN738088
12-05-2024,22:52,POS UBER BANGALORE,DR,₹155,-44755,UPI,TXN847960
13-May-24,02:58,UPI-BIGBASKET@HDFCBANK,DR,₹635,-50745,UPI,TXN492722
13-May-24,09:20,ZOMATO BENGALURU,Debit,₹411,-53927,UPI,TXN613682
13-05-2024,12:49,BHIM-BLINKIT,Debit,857,-54784,UPI,TXN836296
13-May-24,16:26,UPI-MYNTRA@HDFCBANK,Debit,"Rs. 11,565",-677020,UPI,TXN929142
13-05-2024,21:15,AMAZONIN MARKETPLACE,DR,"Rs. 2,771",-53516,UPI,TXN401021
14-May-24,00:07,AMAZONIN MARKETPLACE,Debit,4485,-59515,UPI,TXN438031
14-05-2024,09:59,ROPPEN TRANSPORTATION,DR,₹94,-60099,UPI,TXN415183
14-May-24,11:39,POS STARBUCKS BANGALORE,Debit,453,-60005,UPI,TXN605998
14-05-2024,17:55,UPI-RAPIDO@OKAXIS,Debit,Rs. 37,-59552,UPI,TXN295203
14-05-2024,18:18,UBER SYSTEMS INDIA,DR,₹246,-55030,UPI,TXN328856
14-05-2024,23:33,AMZN PRIME,DR,585,-60684,UPI,TXN940422
15-May-24,03:42,SPOTIFY INDIA,DR,₹119,637628,UPI,TXN308802
15-May-24,05:58,Amazon Pay India,Debit,"1,034.00",-62085,UPI,TXN545217
15-05-2024,12:04,OLA CABS,Debit,₹450,-62905,UPI,TXN258070
15-05-2024,13:52,UPI-ZEPTO-2913@HDFCBANK,DR,₹642,-63547,UPI,TXN819391
15-05-2024,13:52,UPI-ZEPTO-2913@HDFCBANK,DR,₹642,-63547,UPI,TXN819391
15-05-2024,14:13,UPI-FLIPKART@HDFCBANK,Debit,14416,-495231,UPI,TXN508819
15-05-2024,14:13,UPI-FLIPKART@HDFCBANK,Debit,14416,-495231,UPI,TXN508819
15-05-2024,14:42,INSTAMART BANGALORE,DR,331,-61015,UPI,TXN261625
15-05-2024,16:22,OLA ELECTRIC,Debit,370,-62455,UPI,TXN740225
15-May-24,20:23,RAPIDO BIKE TAXI,DR,36,-61051,UPI,TXN971730
16-05-2024,01:17,COFFEE DAY GLOBAL,DR,₹195,-65555,UPI,TXN874562
16-May-24,09:34,INSTAMART BANGALORE,Debit,₹276,-65831,UPI,TXN965674
16-May-24,10:16,POS CAFE COFFEE DAY,Debit,339,-64032,UPI,TXN482585
16-05-2024,11:27,SWIGGY-INSTAMART,Debit,452,-64484,UPI,TXN862974
16-May-24,12:51,UBER INDIA,Debit,146,-63693,UPI,TXN542978
16-05-2024,16:29,POS BANGALORE RESTAURANT,Debit,Rs. 876,-65360,UPI,TXN410529
16-May-24,18:19,GROFERS INDIA P L,DR,Rs. 632,-67298,UPI,TXN222080
16-05-2024,22:52,AIRTEL POSTPAID,DR,835,-66666,UPI,TXN182590
17-May-24,08:10,OLA ELECTRIC,Debit,325,-70653,UPI,TXN796500
17-May-24,09:29,UBER SYSTEMS INDIA,Debit,446,-68603,UPI,TXN583020
17-May-24,13:19,TATA STARBUCKS,Debit,Rs. 369,-69768,UPI,TXN902097
17-05-2024,17:17,POS STARBUCKS BANGALORE,DR,₹476,-68157,UPI,TXN534451
17-05-2024,17:21,ANI Technologies,Debit,397,-69000,UPI,TXN623212
17-May-24,20:43,POS ZOMATO,Debit,Rs. 399,-69399,UPI,TXN317633
17-05-2024,23:35,POS SWIGGY-RESTAURANT,DR,₹560,-70328,UPI,TXN216006
17-05-2024,23:39,OLA ELECTRIC,Debit,383,-67681,UPI,TXN388134
18-05-2024,00:38,AVENUE SUPERMARTS,DR,1974,-88493,UPI,TXN309490
18-May-24,11:57,ZEPTO MARKETPLACE,DR,181,-88674,UPI,TXN624513
18-05-2024,12:14,MYNTRA DESIGNS,Debit,11391,-649086,UPI,TXN265337
18-05-2024,16:16,BHIM SWIGGY,Debit,632,-89615,UPI,TXN407194
18-05-2024,16:21,ZEPTO MARKETPLACE,Debit,625,-86278,UPI,TXN748938
18-05-2024,18:20,UPI-ZERODHA-COIN@AXIS,Debit,15000,-85653,UPI,TXN519487
18-May-24,19:32,UPI-ZOMATO5406@OKICICI,DR,Rs. 241,-86519,UPI,TXN195385
18-May-24,19:53,UBER INDIA,Debit,309,-88983,UPI,TXN504032
18-05-2024,20:07,POS DINEOUT,Debit,₹1778,-91774,UPI,TXN773223
18-05-2024,20:46,UPI-RESTAURANT-3964@PAYTM,DR,381,-89996,UPI,TXN894758
19-May-24,07:21,UPI-SWIGGY-INSTAMART@OKAXIS,DR,₹699,-95739,UPI,TXN694230
19-May-24,17:41,COFFEE DAY GLOBAL,DR,Rs. 200,-95040,UPI,TXN134435
19-May-24,17:48,AMZN-INTPYMT,Debit,"2,254.00",-94028,UPI,TXN898304
19-05-2024,18:01,UPI-SWIGGY5737@OKAXIS,Debit,Rs. 293,-94321,UPI,TXN409203
19-05-2024,19:33,BMTC BUS PASS,Debit,Rs. 35,-94611,UPI,TXN608817
19-05-2024,20:08,BUNDL Tech P L,Debit,₹255,-94576,UPI,TXN481851
19-05-2024,20:30,POS UBER BANGALORE,Debit,₹229,-94840,UPI,TXN738206
20-May-24,03:01,UPI-HOTSTAR@AXIS,DR,Rs. 393,637235,UPI,TXN519066
20-May-24,10:30,UBER SYSTEMS INDIA,Debit,Rs. 403,-97608,UPI,TXN756326
20-05-2024,10:40,INNOVATIVE RETAIL,Debit,"Rs. 1,856",-103708,UPI,TXN656164
20-May-24,20:04,POS SWIGGY-RESTAURANT,DR,₹280,-96859,UPI,TXN110068
20-May-24,20:07,OLA CABS,Debit,346,-97205,UPI,TXN616533
20-May-24,20:11,ZOMATO MEDIA P L,Debit,₹553,-96292,UPI,TXN299244
20-05-2024,20:57,POS STARBUCKS BANGALORE,Debit,Rs. 287,-96579,UPI,TXN919370
20-May-24,23:11,UPI-AMAZONPAY@HDFCBANK,DR,"4,244.00",-101852,UPI,TXN199161
21-May-24,01:45,UPI-CCD@HDFCBANK,Debit,Rs. 201,-105665,UPI,TXN687173
21-May-24,11:58,COFFEE DAY GLOBAL,DR,₹330,-106472,UPI,TXN487395
21-05-2024,13:19,POS MEGHANA FOODS,Debit,1171,-105464,UPI,TXN579083
21-May-24,18:38,ATM-WDL-HDFC-8253,Debit,"5,000.00",-713936,ATM,TXN254069
21-May-24,18:39,TATA STARBUCKS,Debit,477,-106142,UPI,TXN148234
21-05-2024,19:49,UBER SYSTEMS INDIA,Debit,Rs. 511,-104293,UPI,TXN471126
21-05-2024,21:13,RAPIDO BIKE TAXI,DR,Rs. 74,-103782,UPI,TXN596789
22-May-24,15:56,POS ZEPTO BANGALORE,Debit,225,-106697,UPI,TXN559550
22-05-2024,18:29,POS EMPIRE RESTAURANT,Debit,1549,-124772,UPI,TXN874831
22-May-24,18:48,POS ZOMATO,DR,538,-107235,UPI,TXN874958
22-05-2024,19:27,POS SWIGGY-RESTAURANT,Debit,Rs. 382,-108223,UPI,TXN133642
22-05-2024,20:20,ZERODHA SECURITIES,DR,"15,000.00",-123223,UPI,TXN987409
22-05-2024,21:57,ZEPTO MARKETPLACE,Debit,606,-107841,UPI,TXN124262
23-May-24,01:14,POS TRUFFLES,Debit,₹960,-126279,UPI,TXN961431
23-05-2024,09:36,GROFERS INDIA P L,DR,₹547,-125319,UPI,TXN753986
23-May-24,11:56,OLA CABS,DR,Rs. 415,-126694,UPI,TXN172631
23-May-24,12:14,ZEPTO MARKETPLACE,DR,₹363,-127057,UPI,TXN560996
23-May-24,22:01,Swiggy*Order,Debit,₹407,-127464,UPI,TXN283602
24-05-2024,08:26,POS STARBUCKS BANGALORE,DR,₹243,-129918,UPI,TXN540279
24-05-2024,10:09,UBER INDIA,DR,267,-129049,UPI,TXN875788
24-05-2024,11:26,POS UBER BANGALORE,DR,220,-129269,UPI,TXN924764
24-05-2024,11:32,POS FLIPKART BANGALORE,DR,758,-128449,UPI,TXN977170
24-May-24,11:51,VI POSTPAID,Debit,536,636509,UPI,TXN629298
24-05-2024,15:10,UPI-OLACABS@HDFCBANK,Debit,227,-127691,UPI,TXN938641
24-05-2024,18:19,ZOMATO MEDIA P L,DR,406,-129675,UPI,TXN135885
24-05-2024,22:41,Swiggy*Order,Debit,333,-128782,UPI,TXN865071
25-05-2024,03:09,UPI-AMAZON-PRIME@HDFCBANK,Debit,₹190,637045,UPI,TXN989545
25-05-2024,07:06,ZOMATO-DINING,Debit,567,-131585,UPI,TXN800822
25-May-24,11:11,POS SWIGGY BANGALORE,DR,Rs. 187,-132028,UPI,TXN460607
25-05-2024,11:39,UPI-UBER-4781@HDFCBANK,DR,482,-131018,UPI,TXN249522
25-May-24,15:56,OLA CABS,DR,256,-131841,UPI,TXN762574
25-May-24,17:26,POS SWIGGY-RESTAURANT,Debit,₹618,-130536,UPI,TXN438560
25-May-24,17:26,POS SWIGGY-RESTAURANT,Debit,₹618,-130536,UPI,TXN438560
25-05-2024,18:06,POS SWIGGY-RESTAURANT,Debit,Rs. 296,-133280,UPI,TXN186997
25-05-2024,18:51,UPI-RESTAURANT-5691@PAYTM,DR,₹1391,-138299,UPI,TXN765124
25-05-2024,21:16,GROFERS INDIA P L,Debit,Rs. 549,-132984,UPI,TXN773492
25-May-24,21:36,ZOMATO-DINING,Debit,Rs. 407,-132435,UPI,TXN453737
25-May-24,21:36,ZOMATO-DINING,Debit,Rs. 407,-132435,UPI,TXN453737
25-05-2024,23:11,NEXTBILLION-GROWW,Debit,"3,628.00",-136908,UPI,TXN690225
26-05-2024,03:51,POS FLIPKART BANGALORE,Debit,1293,-140782,UPI,TXN389635
26-May-24,08:27,POS OLA-PRIME,Debit,460,-144014,UPI,TXN799984
26-05-2024,11:08,UPI-HOTSTAR@AXIS,DR,Rs. 913,-139489,UPI,TXN250776
26-May-24,14:42,UBER SYSTEMS INDIA,Debit,364,-141704,UPI,TXN142961
26-05-2024,16:46,POS SWIGGY BANGALORE,DR,Rs. 558,-141340,UPI,TXN909142
26-05-2024,19:17,BHIM ZEPTO,DR,407,-143554,UPI,TXN354535
26-05-2024,20:38,UPI-SWIGGY2847@OKAXIS,Debit,622,-143147,UPI,TXN907346
26-May-24,21:07,BUNDL TECH-INSTAMART,Debit,₹821,-142525,UPI,TXN208055
26-05-2024,22:45,UPI-ZOMATO9682@OKICICI,Debit,277,-138576,UPI,TXN541727
27-05-2024,05:28,POS INDIAN OIL BANGALORE,DR,"2,105.00",-147489,UPI,TXN673862
27-05-2024,14:46,UPI-FLIPKART@HDFCBANK,DR,17831,-437591,UPI,TXN685380
27-May-24,16:39,POS SWIGGY BANGALORE,Debit,434,-148241,UPI,TXN891434
27-May-24,17:50,UPI-OLACABS@HDFCBANK,Debit,449,-144463,UPI,TXN141801
27-05-2024,19:21,POS ZOMATO,Debit,250,-145384,UPI,TXN469495
27-05-2024,19:48,UBER INDIA,DR,Rs. 318,-147807,UPI,TXN857009
27-May-24,20:54,BHIM-BLINKIT,Debit,₹671,-145134,UPI,TXN694469
28-05-2024,01:12,POS ZOMATO,DR,497,-148738,UPI,TXN308267
28-May-24,10:35,Flipkart Internet,Debit,"2,557.00",-153771,UPI,TXN481649
28-05-2024,12:44,Swiggy*Order,Debit,₹292,-151214,UPI,TXN741959
28-May-24,20:58,SWIGGY-INSTAMART,DR,₹628,-149366,UPI,TXN872048
28-05-2024,21:18,POS MEGHANA FOODS,DR,"1,556.00",-150922,UPI,TXN387087
29-May-24,03:34,POS DMART BANGALORE,DR,₹2783,-161382,UPI,TXN166719
29-05-2024,06:25,GROFERS INDIA P L,DR,Rs. 787,-163366,UPI,TXN841618
29-05-2024,12:17,POS BANGALORE RESTAURANT,DR,"Rs. 1,476",-157870,UPI,TXN781865
29-05-2024,13:48,ANI Technologies,Debit,188,-158599,UPI,TXN632629
29-May-24,14:55,POS SWIGGY BANGALORE,Debit,541,-158411,UPI,TXN848276
29-May-24,15:57,ZOMATO BENGALURU,DR,673,-154444,UPI,TXN201314
29-May-24,17:46,NYKAA E-RETAIL,DR,"Rs. 1,197",-162579,UPI,TXN225304
29-May-24,18:32,UPI-IOC5182@HDFCBANK,Debit,"1,950.00",-156394,UPI,TXN680987
29-May-24,20:10,UPI-ANKIT-5946@OKAXIS,Debit,"2,548.00",-708936,UPI,TXN970613
30-05-2024,08:16,ZOMATO BENGALURU,DR,₹405,-163771,UPI,TXN735604
30-05-2024,18:43,BHIM SWIGGY,Debit,371,-164142,UPI,TXN695673
30-May-24,19:37,POS SWIGGY BANGALORE,Debit,445,-164845,UPI,TXN674599
30-05-2024,20:07,POS MEGHANA FOODS,Debit,"Rs. 1,669",-166514,UPI,TXN475727
30-May-24,20:11,OLA ELECTRIC,DR,216,-164358,UPI,TXN562104
30-May-24,20:11,BHIM-BMTC,DR,Rs. 42,-164400,UPI,TXN405587
31-May-24,11:53,POS INDIAN OIL BANGALORE,Debit,"1,850.00",-168364,UPI,TXN396287
31-May-24,14:12,KIRANAKART TECH,Debit,449,-168813,UPI,TXN420756
31-May-24,18:18,UPI-FLIPKART@HDFCBANK,DR,"3,457.00",-172270,UPI,TXN660245
31-05-2024,22:24,UPI-SWIGGY9088@OKAXIS,DR,276,-172546,UPI,TXN146893
01-06-2024,06:07,OLA CABS,DR,₹322,-176012,UPI,TXN339751
01-06-2024,06:57,Amazon Pay India,Debit,"1,802.00",-175300,UPI,TXN173950
01-06-2024,07:57,UPI-UBER-1392@HDFCBANK,Debit,₹390,-175690,UPI,TXN997065
01-Jun-24,09:18,UPI-SWIGGY-INSTAMART@OKAXIS,DR,₹697,-177574,UPI,TXN357714
01-06-2024,09:31,NEFT-TECHCRUSH LABS-SALARY MAY24,CR,₹85492,720079,NEFT,TXN399607
01-06-2024,09:59,Uber*Trip,Debit,₹356,-173498,UPI,TXN963559
01-06-2024,12:57,UPI-SWIGGY9983@OKAXIS,Debit,₹303,-173142,UPI,TXN358131
01-Jun-24,15:05,BHIM SWIGGY,DR,Rs. 570,-176582,UPI,TXN298148
01-06-2024,17:02,UPI-CCD@HDFCBANK,Debit,295,-176877,UPI,TXN159169
01-06-2024,22:57,UPI-SWIGGY0226@OKAXIS,DR,Rs. 293,-172839,UPI,TXN822877
02-Jun-24,08:14,SWIGGY-INSTAMART,DR,₹183,-178232,UPI,TXN672084
02-Jun-24,09:35,UPI-ZEPTO-1050@HDFCBANK,DR,Rs. 475,-178049,UPI,TXN140296
02-06-2024,10:26,AVENUE SUPERMARTS,Debit,"Rs. 2,266",-185184,UPI,TXN357957
02-06-2024,11:12,ZOMATO MEDIA P L,Debit,Rs. 685,-185869,UPI,TXN511911
02-06-2024,11:19,UPI-STARBUCKS@AXIS,Debit,293,-182918,UPI,TXN318209
02-Jun-24,19:44,UPI-ANKIT-1837@OKAXIS,DR,₹1295,-768881,UPI,TXN573813
02-Jun-24,19:58,SWIGGY-INSTAMART,Debit,Rs. 423,-178655,UPI,TXN767625
02-Jun-24,22:09,AMAZON SELLER SVCS,Debit,3970,-182625,UPI,TXN485957
03-Jun-24,11:36,POS SWIGGY BANGALORE,Debit,521,-187033,UPI,TXN258002
03-06-2024,14:21,IMPS-RENT-LANDLORD-35126704,Debit,₹18000,702079,IMPS,TXN540552
03-Jun-24,15:55,BUNDL TECH-INSTAMART,DR,313,-187346,UPI,TXN189915
03-Jun-24,16:09,UPI-FLIPKART@HDFCBANK,Debit,"16,369.00",-665455,UPI,TXN998920
03-Jun-24,19:19,SWIGGY-INSTAMART,Debit,Rs. 643,-186512,UPI,TXN564498
03-Jun-24,22:55,UPI-SWIGGY8392@OKAXIS,DR,Rs. 207,-187553,UPI,TXN169230
04-Jun-24,00:31,AMZN-INTPYMT,Debit,3066,-191682,UPI,TXN216362
04-Jun-24,04:56,POS SWIGGY-RESTAURANT,Debit,375,-188616,UPI,TXN290666
04-06-2024,08:16,BMS MOVIE TICKETS,DR,₹446,-192579,UPI,TXN421531
04-Jun-24,14:53,RELIANCE JIO,DR,₹427,-187980,UPI,TXN535353
04-06-2024,18:42,BMS MOVIE TICKETS,Debit,451,-192133,UPI,TXN538030
04-Jun-24,21:26,POS SWIGGY-RESTAURANT,DR,₹261,-188241,UPI,TXN566515
05-Jun-24,08:17,BMS MOVIE TICKETS,DR,₹1017,-193596,UPI,TXN499162
05-Jun-24,10:58,UPI-STARBUCKS@AXIS,Debit,₹256,-194895,UPI,TXN227903
05-Jun-24,16:31,BMTC BUS PASS,Debit,28,-193842,UPI,TXN124125
05-06-2024,17:24,ZOMATO MEDIA P L,Debit,Rs. 218,-193814,UPI,TXN463058
05-Jun-24,20:06,POS BANGALORE RESTAURANT,DR,₹797,-194639,UPI,TXN114100
05-Jun-24,20:32,Amazon Pay India,Debit,"14,874.00",-598167,UPI,TXN649950
06-06-2024,11:09,UPI-ZOMATO5117@OKICICI,DR,Rs. 649,-196117,UPI,TXN338777
06-06-2024,11:09,UPI-ZOMATO5117@OKICICI,DR,Rs. 649,-196117,UPI,TXN338777
06-06-2024,16:30,KIRANAKART TECH,DR,Rs. 352,-195468,UPI,TXN183422
06-Jun-24,19:37,UPI-ZOMATO4622@OKICICI,Debit,Rs. 351,-196468,UPI,TXN786651
06-06-2024,22:59,POS SWIGGY BANGALORE,DR,221,-195116,UPI,TXN505695
07-06-2024,09:10,UPI-RAPIDO@OKAXIS,Debit,51,-196519,UPI,TXN850895
07-Jun-24,10:54,POS FLIPKART BANGALORE,Debit,954,-203000,UPI,TXN248350
07-06-2024,10:55,UPI-THIRDWAVE@OKAXIS,DR,361,-201728,UPI,TXN327534
07-06-2024,15:09,UPI-SWIGGY1418@OKAXIS,Debit,Rs. 318,-202046,UPI,TXN858885
07-06-2024,15:21,OLA CABS,Debit,311,-203621,UPI,TXN821715
07-Jun-24,17:30,Amazon Pay India,DR,₹3284,-200775,UPI,TXN470037
07-06-2024,21:20,BUNDL TECH-INSTAMART,Debit,₹592,-201367,UPI,TXN246205
07-Jun-24,22:51,ZOMATO-DINING,Debit,Rs. 310,-203310,UPI,TXN227766
07-Jun-24,23:43,AMZN-INTPYMT,DR,972,-197491,UPI,TXN434562
08-06-2024,05:37,UPI-GROWWPAY@HDFCBANK,Debit,₹4496,-209392,UPI,TXN886633
08-06-2024,07:56,FLIPKART INDIA,DR,₹2496,-212529,UPI,TXN304412
08-Jun-24,08:54,KIRANAKART TECH,Debit,210,-210033,UPI,TXN435581
08-06-2024,10:28,ZERODHA-MF SIP,Debit,"Rs. 15,000",687079,UPI,TXN890075
08-Jun-24,11:33,ATM-WDL-ICICI-9135,Debit,"Rs. 2,000",-703388,ATM,TXN348958
08-06-2024,13:33,POS SWIGGY-RESTAURANT,Debit,₹431,-209823,UPI,TXN907346
08-Jun-24,13:58,UPI-RESTAURANT-5531@PAYTM,DR,"1,275.00",-204896,UPI,TXN700073
09-Jun-24,02:55,AVENUE SUPERMARTS,DR,"1,717.00",-220166,UPI,TXN514751
09-06-2024,05:24,UPI-FLIPKART@HDFCBANK,Debit,"Rs. 2,032",-214561,UPI,TXN254785
09-Jun-24,05:43,UPI-ZOMATO-LIMITED@PAYTM,DR,485,-223105,UPI,TXN244360
09-06-2024,07:09,POS SWIGGY BANGALORE,Debit,Rs. 232,-220615,UPI,TXN172956
09-06-2024,07:09,POS SWIGGY BANGALORE,Debit,Rs. 232,-220615,UPI,TXN172956
09-06-2024,09:10,AMZN-INTPYMT,Debit,"3,888.00",-218449,UPI,TXN438484
09-06-2024,13:33,POS FLIPKART BANGALORE,DR,2005,-222620,UPI,TXN373421
09-06-2024,16:32,UPI-ANKIT-6092@OKAXIS,Debit,Rs. 246,-769127,UPI,TXN665465
09-Jun-24,18:38,BANGALORE ELEC SUPPLY,DR,"2,331.00",681057,UPI,TXN493537
09-Jun-24,18:38,BANGALORE ELEC SUPPLY,DR,"2,331.00",681057,UPI,TXN493537
09-Jun-24,19:48,ZOMATO MEDIA P L,DR,217,-220383,UPI,TXN620803
10-Jun-24,07:31,OLA ELECTRIC,DR,365,-226339,UPI,TXN994101
10-06-2024,12:12,UPI-VI-RECHARGE@HDFCBANK,DR,₹728,683388,UPI,TXN486814
10-06-2024,12:31,UPI-SWIGGY7538@OKAXIS,DR,₹183,-223843,UPI,TXN107706
10-06-2024,16:12,ATM-WDL-ICICI-4172,Debit,5000,-737464,ATM,TXN562054
10-06-2024,17:18,BANGALORE ELEC SUPPLY,Debit,"Rs. 1,344",-225187,UPI,TXN372988
10-Jun-24,18:19,ZOMATO BENGALURU,Debit,Rs. 206,-225974,UPI,TXN509735
10-06-2024,18:28,BUNDL TECH-INSTAMART,DR,Rs. 209,-225396,UPI,TXN211914
10-Jun-24,19:12,POS STARBUCKS BANGALORE,DR,₹372,-225768,UPI,TXN984539
10-Jun-24,20:42,UPI-ZEPTO-5207@HDFCBANK,Debit,₹555,-223660,UPI,TXN718312
11-06-2024,01:17,BUNDL Tech P L,Debit,₹180,-226519,UPI,TXN543721
11-06-2024,02:40,BANGALORE ELEC SUPPLY,DR,₹2324,-229276,UPI,TXN707940
11-06-2024,10:17,POS STARBUCKS BANGALORE,Debit,433,-226952,UPI,TXN939444
11-06-2024,14:25,ATM-WDL-SBI-4084,Debit,500,-760375,ATM,TXN930895
12-06-2024,01:36,UPI-ZEPTO-7106@HDFCBANK,DR,Rs. 641,-229917,UPI,TXN588323
12-Jun-24,04:44,UPI-GROWWPAY@HDFCBANK,Debit,"3,834.00",-233976,UPI,TXN878594
12-06-2024,05:54,NETFLIX.COM,Debit,Rs. 626,686453,UPI,TXN130434
12-06-2024,09:29,ATM-WDL-ICICI-4739,DR,₹500,-718445,ATM,TXN802699
12-06-2024,09:59,ZOMATO MEDIA P L,DR,383,-235104,UPI,TXN755425
12-06-2024,14:38,POS SWIGGY-RESTAURANT,DR,368,-234344,UPI,TXN526772
12-06-2024,14:40,POS SWIGGY BANGALORE,Debit,Rs. 605,-235709,UPI,TXN217314
12-06-2024,16:29,POS ZOMATO,Debit,Rs. 377,-234721,UPI,TXN731402
12-Jun-24,23:36,UPI-SWIGGY-INSTAMART@OKAXIS,DR,₹225,-230142,UPI,TXN385173
13-06-2024,01:46,FSN E-COMMERCE,Debit,785,-240838,UPI,TXN996157
13-Jun-24,11:37,COFFEE DAY GLOBAL,Debit,₹308,-240053,UPI,TXN364405
13-06-2024,12:36,POS NYKAA BANGALORE,Debit,Rs. 416,-236125,UPI,TXN977101
13-Jun-24,12:59,ROPPEN TRANSPORTATION,DR,₹172,-241344,UPI,TXN270651
13-06-2024,13:25,TWC INDIA,DR,333,-236458,UPI,TXN263264
13-06-2024,14:06,AMAZONIN MARKETPLACE,Debit,₹334,-241172,UPI,TXN388086
13-Jun-24,15:37,BWSSB WATER BILL,Debit,Rs. 292,-239745,UPI,TXN665200
13-06-2024,17:07,UPI-SWIGGY6053@OKAXIS,Debit,Rs. 396,-239453,UPI,TXN718335
13-06-2024,20:34,UPI-SWIGGY-INSTAMART@OKAXIS,DR,833,-239057,UPI,TXN174801
13-Jun-24,21:12,POS BANGALORE RESTAURANT,DR,"Rs. 1,766",-238224,UPI,TXN892514
14-06-2024,13:23,ANI Technologies,DR,₹477,-242652,UPI,TXN557484
14-Jun-24,13:43,UPI-OLACABS@HDFCBANK,DR,₹199,-241543,UPI,TXN291551
14-06-2024,21:37,ZOMATO-DINING,DR,₹632,-242175,UPI,TXN734604
15-06-2024,01:16,Amazon Pay India,DR,₹3179,-245831,UPI,TXN295864
15-Jun-24,05:21,SPOTIFY*PREMIUM,DR,119,686334,UPI,TXN795205
15-Jun-24,09:44,UPI-SWIGGY-3505@HDFCBANK,Debit,₹380,-246341,UPI,TXN950879
15-06-2024,13:34,ROPPEN TRANSPORTATION,Debit,₹130,-245961,UPI,TXN312281
15-06-2024,18:55,INSTAMART BANGALORE,DR,Rs. 410,-247891,UPI,TXN621282
15-06-2024,19:54,POS SWIGGY BANGALORE,DR,441,-247207,UPI,TXN980563
15-06-2024,21:52,POS UBER BANGALORE,DR,274,-247481,UPI,TXN491834
15-Jun-24,22:55,Swiggy*Order,Debit,425,-246766,UPI,TXN942918
16-06-2024,00:04,AMAZONIN MARKETPLACE,Debit,945,-248836,UPI,TXN458070
16-06-2024,03:38,POS NYKAA BANGALORE,DR,695,-252846,UPI,TXN619103
16-Jun-24,08:50,UBER SYSTEMS INDIA,Debit,464,-252151,UPI,TXN581379
16-Jun-24,11:19,POS OLA-PRIME,DR,218,-251312,UPI,TXN246043
16-06-2024,12:39,POS INDIAN OIL BANGALORE,DR,1793,-251094,UPI,TXN351044
16-06-2024,16:12,TWC INDIA,DR,375,-251687,UPI,TXN405619
16-06-2024,16:20,KIRANAKART TECH,DR,₹465,-249301,UPI,TXN613462
16-Jun-24,23:37,AMAZON SELLER SVCS,Debit,"Rs. 2,519",-255365,UPI,TXN505678
17-06-2024,00:42,UPI-AMAZONPAY@HDFCBANK,DR,740,-256695,UPI,TXN698335
17-Jun-24,09:48,UPI-SWIGGY-0015@HDFCBANK,DR,590,-255955,UPI,TXN820082
17-06-2024,12:19,SWIGGY-INSTAMART,Debit,402,-258032,UPI,TXN503151
17-06-2024,20:01,UPI-RESTAURANT-2648@PAYTM,Debit,"Rs. 1,408",-259440,UPI,TXN745543
17-Jun-24,20:17,POS SWIGGY-RESTAURANT,DR,594,-257630,UPI,TXN393046
17-06-2024,20:22,UPI-STARBUCKS@AXIS,Debit,341,-257036,UPI,TXN268187
18-06-2024,02:44,BWSSB WATER BILL,Debit,301,-263741,UPI,TXN340216
18-06-2024,04:09,AMAZON SELLER SVCS,DR,Rs. 883,-260323,UPI,TXN360849
18-06-2024,04:54,Flipkart Internet,Debit,₹2698,-263440,UPI,TXN841452
18-06-2024,09:04,UPI-SWIGGY-INSTAMART@OKAXIS,DR,Rs. 417,-264158,UPI,TXN543824
18-06-2024,09:09,ATM-WDL-SBI-0874,Debit,₹5000,-724544,ATM,TXN793023
18-06-2024,11:01,ANI Technologies,DR,371,-260742,UPI,TXN372482
18-Jun-24,17:58,UPI-VIKAS-1878@OKAXIS,Debit,1099,-719544,UPI,TXN527265
18-Jun-24,17:58,UPI-VIKAS-1878@OKAXIS,Debit,1099,-719544,UPI,TXN527265
18-06-2024,21:24,BMTC BUS PASS,DR,48,-260371,UPI,TXN507759
19-06-2024,05:09,POS SWIGGY BANGALORE,Debit,₹613,-265300,UPI,TXN215213
19-Jun-24,07:38,BHIM-BMTC,Debit,Rs. 12,-265312,UPI,TXN667771
19-06-2024,07:59,BHIM-BMTC,DR,21,-264687,UPI,TXN512935
19-06-2024,08:02,POS BANGALORE RESTAURANT,Debit,₹723,-266078,UPI,TXN125035
19-Jun-24,10:01,KIRANAKART TECH,DR,Rs. 370,-266448,UPI,TXN356368
19-Jun-24,20:12,ZOMATO MEDIA P L,DR,508,-264666,UPI,TXN486851
19-06-2024,21:29,BMTC BUS PASS,Debit,Rs. 43,-265355,UPI,TXN627593
19-06-2024,21:57,BUNDL Tech P L,Debit,404,-266852,UPI,TXN357284
19-06-2024,21:59,POS DMART BANGALORE,Debit,₹794,-267646,UPI,TXN960979
20-06-2024,02:05,UPI-HOTSTAR@AXIS,Debit,"1,176.00",685158,UPI,TXN497542
20-06-2024,03:46,UPI-ZOMATO-LIMITED@PAYTM,DR,Rs. 447,-273727,UPI,TXN459385
20-Jun-24,05:32,OLA ELECTRIC,Debit,₹231,-271647,UPI,TXN153389
20-Jun-24,09:26,Swiggy*Order,Debit,₹471,-273280,UPI,TXN169445
20-Jun-24,14:56,POS THIRD WAVE COFFEE,DR,₹312,-271959,UPI,TXN964774
20-06-2024,18:28,POS BLINKIT,Debit,₹850,-272809,UPI,TXN417624
20-Jun-24,22:55,POS FLIPKART BANGALORE,DR,₹3770,-271416,UPI,TXN845647
20-06-2024,23:54,UBER SYSTEMS INDIA,Debit,380,-274107,UPI,TXN975937
21-Jun-24,00:34,POS THIRD WAVE COFFEE,DR,₹309,-280561,UPI,TXN286198
21-06-2024,06:38,MYNTRA DESIGNS,Debit,"1,504.00",-275611,UPI,TXN524368
21-06-2024,12:53,UPI-SWIGGY6013@OKAXIS,DR,367,-280928,UPI,TXN141433
21-Jun-24,12:54,POS OLA-PRIME,Debit,₹240,-280252,UPI,TXN186308
21-Jun-24,15:26,RAPIDO BIKE TAXI,DR,137,-276369,UPI,TXN159667
21-Jun-24,19:09,Amazon Pay India,Debit,"Rs. 3,643",-280012,UPI,TXN515597
21-06-2024,19:51,BUNDL Tech P L,DR,₹621,-276232,UPI,TXN203386
21-Jun-24,20:12,POS UBER BANGALORE,DR,₹227,-281155,UPI,TXN168097
22-Jun-24,10:05,BHIM SWIGGY,Debit,210,-285753,UPI,TXN707408
22-Jun-24,10:49,POS MEGHANA FOODS,Debit,"1,733.00",-282888,UPI,TXN949630
22-Jun-24,11:04,UPI-SWIGGY-8838@HDFCBANK,Debit,Rs. 205,-286220,UPI,TXN843588
22-06-2024,12:46,POS DINEOUT,Debit,₹7935,-480815,UPI,TXN540191
22-06-2024,16:52,POS EMPIRE RESTAURANT,DR,969,-287189,UPI,TXN362773
22-Jun-24,17:26,ZOMATO MEDIA P L,DR,262,-286015,UPI,TXN481901
22-Jun-24,21:42,UPI-VIKAS-9964@OKAXIS,DR,"Rs. 1,472",-764161,UPI,TXN907498
22-Jun-24,22:19,AMAZONIN MARKETPLACE,Debit,₹2655,-285543,UPI,TXN583694
23-06-2024,12:33,POS STARBUCKS BANGALORE,DR,420,-288662,UPI,TXN673700
23-06-2024,12:39,POS BLINKIT,DR,581,-288242,UPI,TXN999441
23-Jun-24,14:14,BANGALORE ELEC SUPPLY,DR,"1,445.00",-290302,UPI,TXN513990
23-06-2024,16:02,KIRANAKART TECH,Debit,377,-290679,UPI,TXN536999
23-06-2024,23:09,FLIPKART INDIA,DR,472,-287661,UPI,TXN762215
23-Jun-24,23:29,POS ZEPTO BANGALORE,Debit,Rs. 195,-288857,UPI,TXN586060
24-06-2024,08:18,TATA STARBUCKS,Debit,Rs. 351,-293095,UPI,TXN675333
24-06-2024,10:34,OLA CABS,Debit,₹455,-292744,UPI,TXN885813
24-Jun-24,19:49,UPI-RESTAURANT-7645@PAYTM,Debit,1610,-292289,UPI,TXN507923
24-06-2024,22:09,ATM-WDL-ICICI-3918,Debit,₹2000,-731544,ATM,TXN716155
25-Jun-24,00:12,AIRTEL POSTPAID,Debit,₹302,-297312,UPI,TXN430479
25-06-2024,04:48,AMAZON PRIME VIDEO,Debit,₹1042,684116,UPI,TXN783414
25-06-2024,05:53,POS MEGHANA FOODS,Debit,496,-297808,UPI,TXN924334
25-Jun-24,10:07,UPI-SWIGGY-9077@HDFCBANK,Debit,₹616,-293711,UPI,TXN573213
25-06-2024,13:16,UPI-THIRDWAVE@OKAXIS,DR,Rs. 385,-294843,UPI,TXN647447
25-Jun-24,14:21,Amazon Pay India,DR,17504,-629345,UPI,TXN103223
25-06-2024,14:44,FLIPKART INDIA,Debit,574,-297010,UPI,TXN308785
25-Jun-24,15:53,GROFERS INDIA P L,Debit,Rs. 747,-294458,UPI,TXN506722
25-06-2024,18:30,UPI-RESTAURANT-0874@PAYTM,Debit,₹1593,-296436,UPI,TXN768455
26-06-2024,01:51,DISNEY HOTSTAR,DR,₹1038,-301847,UPI,TXN779986
26-Jun-24,05:19,BHIM SWIGGY,Debit,610,-300351,UPI,TXN205314
26-Jun-24,08:38,ATM-WDL-ICICI-5025,DR,"Rs. 2,000",-706388,ATM,TXN367642
26-Jun-24,09:07,AMAZONIN MARKETPLACE,DR,₹22008,-699028,UPI,TXN313051
26-Jun-24,12:52,POS ZEPTO BANGALORE,DR,585,-298393,UPI,TXN260470
26-06-2024,13:46,UPI-NETFLIX-MEMB@HDFCBANK,Debit,Rs. 596,-302710,UPI,TXN460991
26-06-2024,14:54,BIGBASKET BANGALORE,DR,₹655,-299741,UPI,TXN939250
26-Jun-24,16:06,BWSSB WATER BILL,DR,₹267,-302114,UPI,TXN648379
26-Jun-24,18:02,VODAFONE IDEA LTD,DR,458,-300809,UPI,TXN212018
26-06-2024,21:04,POS ZEPTO BANGALORE,Debit,693,-299086,UPI,TXN244100
27-06-2024,09:37,POS HP PETROL STATION,Debit,₹1089,-303799,UPI,TXN719433
27-06-2024,12:08,ZOMATO BENGALURU,DR,₹495,-304294,UPI,TXN148826
27-06-2024,16:08,TATA STARBUCKS,DR,Rs. 331,-304625,UPI,TXN568791
27-Jun-24,16:33,FLIPKART INDIA,DR,"Rs. 15,955",-540377,UPI,TXN403768
27-Jun-24,20:50,UPI-SWIGGY3466@OKAXIS,Debit,243,-304868,UPI,TXN253003
28-06-2024,11:41,ANI Technologies,Debit,₹234,-306264,UPI,TXN239970
28-Jun-24,12:31,Swiggy*Order,Debit,Rs. 376,-306640,UPI,TXN823420
28-06-2024,17:18,SWIGGY-INSTAMART,DR,284,-306030,UPI,TXN168466
28-Jun-24,21:33,BUNDL Tech P L,DR,₹589,-307229,UPI,TXN356161
28-06-2024,21:54,BLINKIT BANGALORE,Debit,₹878,-305746,UPI,TXN974187
29-Jun-24,00:12,UPI-OLACABS@HDFCBANK,Debit,215,-307614,UPI,TXN802374
29-06-2024,10:35,UPI-BLINKIT-1828@PAYTM,DR,Rs. 216,-308860,UPI,TXN874494
29-Jun-24,14:22,KIRANAKART TECH,DR,₹515,-310230,UPI,TXN962258
29-Jun-24,16:39,UPI-RAPIDO@OKAXIS,Debit,170,-307399,UPI,TXN540114
29-06-2024,18:36,POS BANGALORE RESTAURANT,Debit,"1,030.00",-308644,UPI,TXN658352
29-Jun-24,19:35,POS SWIGGY BANGALORE,DR,Rs. 405,-309265,UPI,TXN394032
29-06-2024,20:46,ZOMATO-DINING,DR,₹203,-309715,UPI,TXN703638
29-06-2024,21:57,UPI-UBER-3218@HDFCBANK,DR,247,-309512,UPI,TXN667358
30-06-2024,11:53,SWIGGY-INSTAMART,DR,637,-311783,UPI,TXN274261
30-Jun-24,16:35,BHIM ZEPTO,DR,693,-312476,UPI,TXN792601
30-06-2024,17:12,UPI-STARBUCKS@AXIS,DR,327,-310557,UPI,TXN859233
30-06-2024,19:56,POS ZOMATO,DR,₹589,-311146,UPI,TXN492729
30-06-2024,22:27,OLA ELECTRIC,DR,₹208,-312684,UPI,TXN910085
